-- MySQL dump 10.13  Distrib 5.7.17, for Linux (x86_64)
--
-- Host: localhost    Database: atsnet2
-- ------------------------------------------------------
-- Server version	5.7.17-0ubuntu0.16.04.1

/*!40101 SET @OLD_CHARACTER_SET_CLIENT=@@CHARACTER_SET_CLIENT */;
/*!40101 SET @OLD_CHARACTER_SET_RESULTS=@@CHARACTER_SET_RESULTS */;
/*!40101 SET @OLD_COLLATION_CONNECTION=@@COLLATION_CONNECTION */;
/*!40101 SET NAMES utf8 */;
/*!40103 SET @OLD_TIME_ZONE=@@TIME_ZONE */;
/*!40103 SET TIME_ZONE='+00:00' */;
/*!40014 SET @OLD_UNIQUE_CHECKS=@@UNIQUE_CHECKS, UNIQUE_CHECKS=0 */;
/*!40014 SET @OLD_FOREIGN_KEY_CHECKS=@@FOREIGN_KEY_CHECKS, FOREIGN_KEY_CHECKS=0 */;
/*!40101 SET @OLD_SQL_MODE=@@SQL_MODE, SQL_MODE='NO_AUTO_VALUE_ON_ZERO' */;
/*!40111 SET @OLD_SQL_NOTES=@@SQL_NOTES, SQL_NOTES=0 */;

--
-- Table structure for table `atemschutzgeraetetraeger`
--

DROP TABLE IF EXISTS `atemschutzgeraetetraeger`;
/*!40101 SET @saved_cs_client     = @@character_set_client */;
/*!40101 SET character_set_client = utf8 */;
CREATE TABLE `atemschutzgeraetetraeger` (
  `id` int(11) NOT NULL AUTO_INCREMENT,
  `organisation_id` int(11) NOT NULL,
  `user_id` int(11) DEFAULT NULL,
  `firstname` varchar(100) COLLATE utf8_unicode_ci NOT NULL,
  `lastname` varchar(100) COLLATE utf8_unicode_ci NOT NULL,
  `birthdate` date NOT NULL,
  `ats1` date DEFAULT NULL,
  `ats2` date DEFAULT NULL,
  `isActive` tinyint(1) NOT NULL,
  PRIMARY KEY (`id`),
  UNIQUE KEY `UNIQ_2069958DA76ED395` (`user_id`),
  KEY `IDX_2069958D9E6B1585` (`organisation_id`),
  CONSTRAINT `FK_2069958D9E6B1585` FOREIGN KEY (`organisation_id`) REFERENCES `organisation` (`id`),
  CONSTRAINT `FK_2069958DA76ED395` FOREIGN KEY (`user_id`) REFERENCES `user` (`id`) ON DELETE SET NULL
) ENGINE=InnoDB AUTO_INCREMENT=84 DEFAULT CHARSET=utf8 COLLATE=utf8_unicode_ci;
/*!40101 SET character_set_client = @saved_cs_client */;

--
-- Dumping data for table `atemschutzgeraetetraeger`
--

LOCK TABLES `atemschutzgeraetetraeger` WRITE;
/*!40000 ALTER TABLE `atemschutzgeraetetraeger` DISABLE KEYS */;
INSERT INTO `atemschutzgeraetetraeger` VALUES (1,1,NULL,'Volker','Ahl','1967-07-21','1992-02-12',NULL,1),(2,1,NULL,'Michael','Antes','1971-12-02','1990-03-11','2003-11-09',1),(3,1,NULL,'Gerhard','Bauer','1966-06-30','1987-07-26','2000-11-05',1),(4,1,8,'Tim','Baumbusch','1984-03-15','2003-02-09','2008-11-23',1),(5,1,NULL,'Matthias','Bergmann','1979-07-10','1997-09-21',NULL,0),(6,1,NULL,'Harald','Bernet','1964-04-16','1983-03-30','2002-04-25',1),(7,1,11,'Nicholas','Brandenburger','1988-11-14','2007-09-23','2009-01-25',0),(8,1,NULL,'Nicolas','Braun','1992-06-29','2010-11-14','2011-10-09',1),(9,1,NULL,'Daniel','Burkhart','1990-07-20','2011-02-21',NULL,0),(10,1,NULL,'Christian','Daunke','1987-11-28','2007-09-23',NULL,1),(11,1,NULL,'Anna','Davis','1989-11-03','2010-01-06',NULL,0),(12,1,NULL,'Benjamin','Davis','1985-04-27','2006-04-05','2006-04-07',0),(13,1,NULL,'Klaus','Engert','1967-03-03','1986-06-08',NULL,1),(14,1,NULL,'Eric','Friedrich','1994-03-19','2013-03-17',NULL,1),(15,1,NULL,'Ernst','Friedrich','1963-12-25','1982-11-01','2004-11-21',1),(16,1,NULL,'Thorsten','Gutschalk','1975-06-27','1994-03-06','1999-11-28',1),(17,1,4,'Markus','Göbel','1971-04-16','1994-02-09','1994-02-09',1),(18,1,NULL,'Andreas','Hackenberg','1972-06-23','1990-09-23',NULL,0),(19,1,NULL,'Gerhard','Hartmann','1963-12-14','1989-10-11',NULL,1),(20,1,NULL,'Nicolas','Heidrich','1980-02-15','1998-09-27','2001-11-04',1),(21,1,NULL,'Sebastian','Herweh','1989-08-05','2008-01-04',NULL,1),(22,1,NULL,'Tanja','Herweh','1985-05-06','2003-10-12',NULL,0),(23,1,NULL,'Florian','Hoppner','1982-01-14','2000-08-27','2007-02-25',0),(24,1,NULL,'Ralf','Höpfel','1977-12-05','1997-03-02',NULL,1),(25,1,1,'Benjamin','Ihrig','1990-01-11','2009-01-07','2009-11-29',1),(26,1,NULL,'Rainer','Jakob','1960-06-17','1980-10-19',NULL,0),(27,1,NULL,'Wolfgang','Jünge','1966-08-23','1986-01-08',NULL,0),(28,1,NULL,'Patrick','Kappauf','1989-01-05','2008-01-04',NULL,0),(29,1,5,'Reinhold','Karb','1958-07-28','1983-03-30','2008-09-03',1),(30,1,NULL,'Hans','Kling','1963-06-21','1980-10-19',NULL,0),(31,1,NULL,'Ralf','Klotzbach','1963-02-05','1980-10-19',NULL,1),(32,1,NULL,'Sabine','Kappauf','1991-05-23','2009-09-27',NULL,0),(33,1,NULL,'Tobias','Klotzbach','1989-02-07','2007-11-04','2008-11-23',1),(34,1,2,'Uwe','Koch','1965-05-20','1984-03-14','2003-05-18',1),(35,1,9,'Fabio','Korb','1990-03-06','2008-03-16','2010-01-24',1),(36,1,NULL,'Jasmin','Kronauer','1991-08-01','2010-02-28',NULL,0),(37,1,NULL,'Martin','Kühr','1992-10-21','2010-11-14',NULL,1),(38,1,NULL,'Jörg','Lohmann','1976-02-20','1994-05-29','1995-06-08',1),(39,1,NULL,'Andreas','Lutz','1984-06-28','2007-09-23',NULL,0),(40,1,7,'Stephan','Mai','1966-12-24','1996-02-25',NULL,1),(41,1,NULL,'Volker','Maisch','1979-09-15','1997-11-30',NULL,1),(42,1,NULL,'Markus','Mak','1978-09-02','1996-10-27','2006-02-08',1),(43,1,NULL,'Alexander','Neumann','1990-12-25','2009-01-07','2011-01-22',1),(44,1,NULL,'Pascal','Pommerening','1990-09-14','2010-11-14','2011-01-22',0),(45,1,NULL,'Ralf','Reiber','1973-05-18','1991-08-25',NULL,1),(46,1,NULL,'Andreas','Rosenberg','1961-10-08','1986-05-10','2002-06-14',0),(47,1,NULL,'Steffan','Roth','1969-03-25','1988-02-28',NULL,1),(48,1,NULL,'Markus','Rothe','1987-04-08','2012-03-25',NULL,0),(49,1,NULL,'Thomas','Schmidt','1965-07-18','1987-02-22','1987-02-22',1),(50,1,NULL,'Thomas','Schöner','1989-07-05','2011-02-21',NULL,0),(51,1,NULL,'Christian','Seelinger','1986-04-19','2006-04-02',NULL,0),(52,1,NULL,'Sven','Soldan','1986-03-02','2004-06-01',NULL,0),(53,1,NULL,'Christian','Thome','1972-06-08','1991-08-25',NULL,1),(54,1,NULL,'Alexander','Vlastaras','1993-12-17','2012-03-25',NULL,1),(55,1,NULL,'Kai','Volpp','1976-10-20','1996-02-25',NULL,0),(56,1,NULL,'Björn','Voß','1978-03-08','1996-04-28',NULL,1),(57,1,NULL,'Bruno','Wagner','1970-06-01','1989-09-17','1999-11-28',1),(58,1,NULL,'Markus','Wagner','1971-11-09','1990-09-23',NULL,1),(59,1,NULL,'Michele','Wagner','1988-08-15','2006-11-11','2009-11-07',0),(60,1,NULL,'Daniel','Weidenauer','1991-07-14','2015-09-20',NULL,1),(61,1,NULL,'Benjamin','Weiß','1993-10-22',NULL,NULL,0),(62,1,NULL,'Laura','Voß','1990-01-10','2008-09-28',NULL,0),(63,1,NULL,'Markus','Wetzel','1975-05-31','1993-06-27',NULL,1),(64,1,NULL,'Jörg','Wunder','1975-08-17','1996-12-01','2011-06-17',1),(65,1,NULL,'Markus','Zeuke','1979-04-18','1998-03-14','2000-02-20',0),(66,1,NULL,'Adrian','Zähringer','1994-07-31','2012-09-16',NULL,1),(67,1,NULL,'Maximilian','Zähringer','1989-11-29','2008-01-04',NULL,0),(68,1,NULL,'Matthias','Veltman','1981-10-11','2000-11-26','2003-04-06',0),(69,1,NULL,'Dominik','Heller','1995-08-22',NULL,NULL,0),(70,1,NULL,'Jörg','Zimmermann','1970-05-08',NULL,NULL,0),(71,1,NULL,'Holger','Schuff','1980-06-18','1998-11-08','2014-02-06',0),(72,1,NULL,'Jan-Pascal','Weimer','1996-12-31','2015-05-15','2016-01-24',1),(73,1,NULL,'Matthias','Cring','1978-09-22','2015-05-16','2016-01-23',1),(74,1,NULL,'Maximilian','Stähler-Oelze','1996-11-06',NULL,NULL,0),(75,1,NULL,'Markus','Schütz','2015-04-15','1999-05-12','2005-11-19',1),(76,1,NULL,'Tom-Nikolas','Schäfer','1996-10-12','2015-09-20','2015-10-18',0),(77,1,NULL,'Christian','Bienefeld','1997-10-05','2015-11-13',NULL,1),(78,1,NULL,'Luca','Rosenberg','1997-11-05','2015-11-13',NULL,1),(79,1,NULL,'Benjamin','Raßek','1988-09-19','2007-06-23',NULL,1),(80,1,NULL,'Michael','Reiber','1997-12-24','2016-03-06',NULL,1),(81,1,NULL,'Philip','Schröder','1995-06-08','2015-11-13',NULL,1),(82,1,NULL,'Marc','Klemm','1986-06-08','2005-06-12','2007-02-25',1),(83,1,NULL,'Marcel','Thome','1999-02-12',NULL,NULL,1);
/*!40000 ALTER TABLE `atemschutzgeraetetraeger` ENABLE KEYS */;
UNLOCK TABLES;

--
-- Table structure for table `einsatzart`
--

DROP TABLE IF EXISTS `einsatzart`;
/*!40101 SET @saved_cs_client     = @@character_set_client */;
/*!40101 SET character_set_client = utf8 */;
CREATE TABLE `einsatzart` (
  `id` int(11) NOT NULL AUTO_INCREMENT,
  `name` varchar(100) COLLATE utf8_unicode_ci NOT NULL,
  PRIMARY KEY (`id`)
) ENGINE=InnoDB AUTO_INCREMENT=4 DEFAULT CHARSET=utf8 COLLATE=utf8_unicode_ci;
/*!40101 SET character_set_client = @saved_cs_client */;

--
-- Dumping data for table `einsatzart`
--

LOCK TABLES `einsatzart` WRITE;
/*!40000 ALTER TABLE `einsatzart` DISABLE KEYS */;
INSERT INTO `einsatzart` VALUES (1,'Brandeinsatz'),(2,'Hilfeleistung'),(3,'Ausbildung');
/*!40000 ALTER TABLE `einsatzart` ENABLE KEYS */;
UNLOCK TABLES;

--
-- Table structure for table `g26`
--

DROP TABLE IF EXISTS `g26`;
/*!40101 SET @saved_cs_client     = @@character_set_client */;
/*!40101 SET character_set_client = utf8 */;
CREATE TABLE `g26` (
  `id` int(11) NOT NULL AUTO_INCREMENT,
  `atemschutzgeraetetraeger_id` int(11) NOT NULL,
  `atemschutzgeraetewart_id` int(11) NOT NULL,
  `date` date NOT NULL,
  `duedate` date NOT NULL,
  `valid` tinyint(1) NOT NULL,
  `classification` int(11) NOT NULL,
  `notice` longtext COLLATE utf8_unicode_ci,
  PRIMARY KEY (`id`),
  KEY `IDX_9013C55FB7F4EA60` (`atemschutzgeraetetraeger_id`),
  KEY `IDX_9013C55F293F6CF8` (`atemschutzgeraetewart_id`),
  CONSTRAINT `FK_9013C55F293F6CF8` FOREIGN KEY (`atemschutzgeraetewart_id`) REFERENCES `user` (`id`),
  CONSTRAINT `FK_9013C55FB7F4EA60` FOREIGN KEY (`atemschutzgeraetetraeger_id`) REFERENCES `atemschutzgeraetetraeger` (`id`) ON DELETE CASCADE
) ENGINE=InnoDB AUTO_INCREMENT=148 DEFAULT CHARSET=utf8 COLLATE=utf8_unicode_ci;
/*!40101 SET character_set_client = @saved_cs_client */;

--
-- Dumping data for table `g26`
--

LOCK TABLES `g26` WRITE;
/*!40000 ALTER TABLE `g26` DISABLE KEYS */;
INSERT INTO `g26` VALUES (1,1,1,'2012-09-03','2015-09-03',1,3,NULL),(2,2,1,'2012-05-16','2015-05-16',1,3,NULL),(3,3,1,'2011-04-13','2014-04-13',1,3,NULL),(4,4,1,'2010-08-25','2013-08-25',1,3,NULL),(5,5,1,'2004-10-29','2007-10-29',1,3,NULL),(6,6,1,'2010-10-13','2013-10-13',1,3,NULL),(7,7,1,'2012-02-01','2015-02-01',1,3,NULL),(8,8,1,'2013-08-14','2016-08-14',1,3,NULL),(9,9,1,'2013-01-16','2016-01-16',1,3,NULL),(10,10,1,'2010-08-11','2013-08-11',1,3,NULL),(11,11,1,'2012-11-21','2015-11-21',1,3,NULL),(12,12,1,'2012-07-11','2015-07-11',1,3,NULL),(13,13,1,'2012-03-12','2015-03-12',1,3,NULL),(14,14,1,'2012-04-25','2015-04-25',1,3,NULL),(15,15,1,'2013-03-06','2014-03-06',1,3,NULL),(16,16,1,'2016-10-17','2019-10-17',1,3,NULL),(17,17,1,'2012-09-26','2015-09-26',1,3,NULL),(18,18,1,'2009-06-04','2012-06-04',1,3,NULL),(19,19,1,'2012-09-06','2015-09-06',1,3,NULL),(20,20,1,'2009-12-08','2012-12-08',1,3,NULL),(21,21,1,'2011-01-05','2014-01-05',1,3,NULL),(22,22,1,'2009-10-08','2012-10-08',1,3,NULL),(23,23,1,'2009-07-17','2012-07-17',1,3,NULL),(24,24,1,'2009-06-26','2012-06-26',1,3,NULL),(25,25,1,'2011-05-25','2014-05-25',1,3,NULL),(26,26,1,'2004-12-16','2007-12-16',1,3,NULL),(27,27,1,'2011-05-11','2014-05-11',1,3,NULL),(28,28,1,'2015-09-02','2018-09-02',1,3,NULL),(29,29,1,'2012-06-27','2013-06-27',1,3,NULL),(30,30,1,'2010-01-26','2013-01-26',1,3,NULL),(31,31,1,'2015-02-25','2016-02-25',1,3,NULL),(32,32,1,'2011-04-06','2014-04-06',1,3,NULL),(33,33,1,'2015-09-02','2018-09-02',1,3,NULL),(34,34,1,'2011-03-22','2014-03-22',1,3,NULL),(35,35,1,'2011-02-16','2014-02-16',1,3,NULL),(36,36,1,'2016-05-30','2019-05-30',1,3,NULL),(37,37,1,'2016-09-19','2019-09-19',1,3,NULL),(38,38,1,'2011-07-01','2014-07-01',1,3,NULL),(39,39,1,'2007-08-10','2010-08-10',1,3,NULL),(40,40,1,'2009-04-03','2012-12-04',1,3,NULL),(41,41,1,'2010-04-07','2013-04-07',1,3,NULL),(42,42,1,'2011-06-29','2014-06-29',1,3,NULL),(43,43,1,'2011-03-19','2014-03-19',1,3,NULL),(44,44,1,'2009-10-05','2012-10-05',1,3,NULL),(45,45,1,'2009-11-23','2012-11-23',1,3,NULL),(46,46,1,'2012-04-11','2014-04-11',1,3,NULL),(47,47,1,'2005-02-03','2008-02-03',1,3,NULL),(48,48,1,'2012-02-22','2015-02-22',1,3,NULL),(49,49,1,'2012-03-12','2015-03-12',1,3,NULL),(50,50,1,'2010-06-03','2013-06-03',1,3,NULL),(51,51,1,'2009-02-17','2012-02-17',1,3,NULL),(52,52,1,'2006-10-17','2009-10-17',1,3,NULL),(53,53,1,'2016-09-20','2019-09-20',1,3,NULL),(54,54,1,'2011-04-27','2014-04-27',1,3,NULL),(55,55,1,'2005-06-28','2008-06-28',1,3,NULL),(56,56,1,'2010-04-16','2013-04-16',1,3,NULL),(57,57,1,'2010-07-21','2013-07-21',1,3,NULL),(58,58,1,'2012-06-02','2013-06-02',1,3,NULL),(59,59,1,'2011-06-25','2014-06-01',1,3,NULL),(60,60,1,'2015-09-04','2018-09-04',1,3,NULL),(61,62,1,'2012-01-04','2015-01-04',1,3,NULL),(62,63,1,'2012-10-31','2015-10-31',1,3,NULL),(63,64,1,'2011-05-05','2014-05-05',1,3,NULL),(64,65,1,'2012-01-04','2015-01-04',1,3,NULL),(65,66,1,'2015-04-29','2018-04-30',1,3,NULL),(66,67,1,'2010-08-18','2013-08-18',1,3,NULL),(67,46,2,'2015-12-02','2016-12-02',1,3,NULL),(68,68,1,'2013-06-12','2016-06-12',1,3,NULL),(69,58,1,'2013-08-14','2016-08-14',1,3,NULL),(70,29,2,'2013-08-14','2014-08-14',1,3,NULL),(71,8,1,'2013-08-07','2016-08-07',1,3,NULL),(72,4,1,'2013-09-19','2016-09-19',1,3,'Brille muss getragen werden.'),(74,10,2,'2013-08-28','2016-08-28',1,3,NULL),(75,69,4,'2013-09-11','2016-09-30',1,3,NULL),(76,4,4,'2013-09-18','2016-09-30',1,3,'Tragen einer Brille erforderlich'),(77,47,4,'2013-09-13','2016-09-30',1,3,NULL),(78,47,4,'2013-09-13','2016-09-13',1,3,NULL),(79,69,4,'2013-09-11','2016-09-11',1,3,NULL),(80,6,2,'2013-10-25','2016-10-25',1,3,NULL),(81,45,2,'2013-12-18','2016-12-18',1,3,NULL),(82,15,2,'2014-01-15','2015-01-15',1,3,NULL),(83,15,4,'2014-01-15','2015-01-31',1,3,NULL),(84,43,4,'2014-01-29','2017-01-31',1,3,NULL),(85,21,2,'2014-01-29','2017-01-29',1,3,NULL),(86,43,2,'2014-01-29','2017-01-29',1,3,NULL),(87,35,4,'2014-02-19','2017-02-28',1,3,NULL),(88,34,2,'2014-03-18','2017-03-18',1,3,NULL),(89,35,2,'2014-02-26','2017-02-26',1,3,NULL),(90,3,2,'2014-03-12','2017-03-12',1,3,NULL),(91,70,2,'2014-03-10','2017-03-10',1,3,NULL),(92,64,4,'2014-01-29','2015-06-30',1,3,NULL),(93,31,1,'2014-03-19','2015-03-19',1,3,'Tragen einer Brille erforderlich.'),(94,41,4,'2014-03-26','2017-03-31',1,3,NULL),(95,31,2,'2014-03-26','2015-03-26',1,3,NULL),(97,22,1,'2014-05-21','2017-05-21',1,3,'Tragen einer Brille erforderlich'),(98,25,1,'2014-07-02','2017-07-02',1,3,NULL),(99,71,2,'2014-06-02','2017-05-01',1,3,NULL),(100,29,1,'2014-09-10','2015-09-10',1,3,'Tragen einer Brille erforderlich.'),(101,6,2,'2014-10-29','2015-10-01',1,3,NULL),(102,24,4,'2014-09-17','2017-09-30',1,3,NULL),(104,50,2,'2013-08-15','2016-08-15',1,3,NULL),(105,54,4,'2015-02-18','2018-02-28',1,3,NULL),(106,72,2,'2015-04-01','2018-04-01',1,3,NULL),(107,49,2,'2015-03-18','2018-03-18',1,3,NULL),(108,73,2,'2015-04-08','2018-04-08',1,3,NULL),(109,32,2,'2015-04-15','2018-04-15',1,3,NULL),(110,74,2,'2015-04-08','2018-04-08',1,3,NULL),(111,56,2,'2015-05-12','2018-05-12',1,3,NULL),(112,62,2,'2015-05-12','2018-05-12',1,3,NULL),(113,75,4,'2015-04-15','2018-04-30',1,3,NULL),(114,34,2,'2015-05-26','2016-05-26',1,3,NULL),(115,69,2,'2015-06-03','2018-06-03',1,3,NULL),(116,38,2,'2015-06-16','2018-06-16',1,3,NULL),(117,14,2,'2015-06-24','2018-06-24',1,3,NULL),(118,64,2,'2015-07-22','2017-01-01',1,3,NULL),(119,1,2,'2015-09-03','2018-09-01',1,3,NULL),(120,76,2,'2015-08-26','2018-08-26',1,3,NULL),(121,77,4,'2015-09-09','2018-09-09',1,3,NULL),(122,78,2,'2015-09-30','2018-09-30',1,3,NULL),(123,17,2,'2015-09-23','2018-09-23',1,3,NULL),(124,15,2,'2015-10-14','2016-10-14',1,3,NULL),(125,19,2,'2015-09-22','2016-09-22',1,3,NULL),(126,6,2,'2015-10-14','2016-10-14',1,3,NULL),(127,2,2,'2016-01-22','2019-01-22',1,3,NULL),(128,79,2,'2015-02-12','2018-02-12',1,3,NULL),(129,80,2,'2016-02-23','2019-02-23',1,3,NULL),(130,81,2,'2015-10-21','2018-10-21',1,3,NULL),(131,29,4,'2016-03-03','2017-03-03',1,3,NULL),(132,34,2,'2016-04-27','2017-04-27',1,3,NULL),(134,48,2,'2016-04-15','2019-04-15',1,3,NULL),(135,3,4,'2016-06-17','2019-06-30',1,3,NULL),(136,47,4,'2016-07-28','2017-07-27',1,3,NULL),(137,82,2,'2014-03-31','2017-03-31',1,3,NULL),(138,58,4,'2016-08-15','2017-08-31',1,3,NULL),(139,47,2,'2016-09-21','2019-09-21',1,3,NULL),(140,8,2,'2016-09-27','2019-09-27',1,3,NULL),(141,4,2,'2016-11-14','2019-11-14',1,3,NULL),(142,43,2,'2016-12-22','2019-12-22',1,3,NULL),(143,21,2,'2017-01-23','2020-01-23',1,3,NULL),(144,35,4,'2016-12-02','2019-12-31',1,3,NULL),(145,26,4,'2017-01-10','2018-01-31',1,3,NULL),(146,83,2,'2017-03-03','2020-03-03',1,3,NULL),(147,64,2,'2017-01-24','2020-01-24',1,3,NULL);
/*!40000 ALTER TABLE `g26` ENABLE KEYS */;
UNLOCK TABLES;

--
-- Table structure for table `nachweis`
--

DROP TABLE IF EXISTS `nachweis`;
/*!40101 SET @saved_cs_client     = @@character_set_client */;
/*!40101 SET character_set_client = utf8 */;
CREATE TABLE `nachweis` (
  `id` int(11) NOT NULL AUTO_INCREMENT,
  `nachweisart_id` int(11) NOT NULL,
  `einsatzart_id` int(11) NOT NULL,
  `atemschutzgeraetetraeger_id` int(11) NOT NULL,
  `atemschutzgeraetewart_id` int(11) NOT NULL,
  `einsatzNummer` int(11) DEFAULT NULL,
  `date` date NOT NULL,
  `location` varchar(255) COLLATE utf8_unicode_ci NOT NULL,
  `time` int(11) NOT NULL,
  `work` varchar(100) COLLATE utf8_unicode_ci DEFAULT NULL,
  `notice` longtext COLLATE utf8_unicode_ci,
  PRIMARY KEY (`id`),
  KEY `IDX_6F670A4FDDE106A5` (`nachweisart_id`),
  KEY `IDX_6F670A4FA0723BA2` (`einsatzart_id`),
  KEY `IDX_6F670A4FB7F4EA60` (`atemschutzgeraetetraeger_id`),
  KEY `IDX_6F670A4F293F6CF8` (`atemschutzgeraetewart_id`),
  CONSTRAINT `FK_6F670A4F293F6CF8` FOREIGN KEY (`atemschutzgeraetewart_id`) REFERENCES `user` (`id`),
  CONSTRAINT `FK_6F670A4FA0723BA2` FOREIGN KEY (`einsatzart_id`) REFERENCES `einsatzart` (`id`),
  CONSTRAINT `FK_6F670A4FB7F4EA60` FOREIGN KEY (`atemschutzgeraetetraeger_id`) REFERENCES `atemschutzgeraetetraeger` (`id`) ON DELETE CASCADE,
  CONSTRAINT `FK_6F670A4FDDE106A5` FOREIGN KEY (`nachweisart_id`) REFERENCES `nachweisart` (`id`)
) ENGINE=InnoDB AUTO_INCREMENT=1151 DEFAULT CHARSET=utf8 COLLATE=utf8_unicode_ci;
/*!40101 SET character_set_client = @saved_cs_client */;

--
-- Dumping data for table `nachweis`
--

LOCK TABLES `nachweis` WRITE;
/*!40000 ALTER TABLE `nachweis` DISABLE KEYS */;
INSERT INTO `nachweis` VALUES (1,1,3,1,1,NULL,'2010-09-27','BF Mannheim',30,NULL,NULL),(2,4,1,1,1,79,'2010-05-11','Weidweg, Reithalle',60,NULL,NULL),(3,2,3,1,1,NULL,'2009-06-04','Feuerwehr Lampertheim',25,NULL,NULL),(4,8,3,1,1,NULL,'2011-03-31','Daimlerstraße 2',10,NULL,NULL),(5,2,3,1,1,NULL,'2011-05-26','Feuerwehr Lampertheim',30,NULL,NULL),(6,1,3,1,1,NULL,'2011-06-24','Feuerwehr Bürstadt',20,NULL,NULL),(7,3,3,1,1,NULL,'2011-07-07','Feuerwehr Lampertheim',20,NULL,NULL),(8,3,3,1,1,NULL,'2011-10-19','Werkfeuerwehr Roche',44,NULL,NULL),(9,1,3,1,1,NULL,'2012-05-25','Feuerwehr Bürstadt',25,NULL,NULL),(10,4,1,1,1,103,'2012-06-18','Otto-Hahn-Str.10',10,NULL,NULL),(11,2,3,1,1,NULL,'2012-07-19','Feuerwehr Lampertheim',30,NULL,NULL),(12,2,2,2,1,NULL,'2010-10-14','Feuerwehr Lampertheim',30,NULL,NULL),(13,4,1,2,1,79,'2010-05-11','Weidweg, Reithalle',20,NULL,NULL),(14,4,1,2,1,65,'2010-03-28','Viernheim',25,NULL,NULL),(15,1,3,2,1,NULL,'2008-08-22','Feuerwehr Bürstadt',20,NULL,NULL),(16,3,3,2,1,NULL,'2008-08-14','Feuerwehr Lampertheim',20,NULL,NULL),(17,1,3,2,1,NULL,'2011-05-27','Feuerwehr Bürstadt',25,NULL,NULL),(18,3,3,2,1,NULL,'2011-06-09','Feuerwehr Lampertheim',20,NULL,NULL),(19,2,3,2,1,NULL,'2011-10-06','Feuerwehr Lampertheim',25,NULL,NULL),(20,2,3,2,1,NULL,'2012-04-05','Feuerwehr Lampertheim',30,NULL,NULL),(21,1,3,2,1,NULL,'2012-06-22','Feuerwehr Bürstadt',25,NULL,NULL),(22,4,1,2,1,153,'2012-09-07','Sophie-Scholl-St. 49',20,NULL,NULL),(23,4,1,2,1,155,'2012-09-08','Hüttenfeld',20,NULL,NULL),(24,4,1,2,1,21,'2013-02-03','Maldegemstr. 2-4',20,NULL,NULL),(25,4,1,2,1,26,'2013-02-13','Europaring 6',20,NULL,NULL),(26,1,3,3,1,NULL,'2010-08-27','Feuerwehr Bürstadt',30,NULL,NULL),(27,2,3,3,1,NULL,'2009-06-04','Feuerwehr Lampertheim',25,NULL,NULL),(28,3,3,3,1,NULL,'2008-08-14','Feuerwehr Lampertheim',20,NULL,NULL),(29,8,3,3,1,NULL,'2011-03-31','Daimlerstraße 2',20,NULL,NULL),(30,2,3,3,1,NULL,'2011-07-14','Feuerwehr Lampertheim',25,NULL,NULL),(31,8,3,3,1,NULL,'2011-09-22','Hofheim, Schubertstraße',20,NULL,NULL),(32,1,3,3,1,NULL,'2011-09-23','Feuerwehr Bürstadt',25,NULL,NULL),(33,2,3,3,1,NULL,'2011-11-17','Feuerwehr Lampertheim',20,NULL,NULL),(34,1,3,3,1,NULL,'2012-05-25','Feuerwehr Bürstadt',25,NULL,NULL),(35,4,1,3,1,103,'2012-06-18','Otto-Hahn-Str.10',10,NULL,NULL),(36,2,3,3,1,NULL,'2012-07-19','Feuerwehr Lampertheim',30,NULL,NULL),(37,8,1,3,1,NULL,'2012-08-09','Stadtwerke',30,NULL,NULL),(38,3,3,3,1,NULL,'2012-09-06','Penny Markt Lampertheim',20,NULL,NULL),(39,4,2,4,1,21,'2011-02-13','Ulmenweg',25,NULL,NULL),(40,1,3,4,1,NULL,'2011-01-28','Feuerwehr Bürstadt',30,NULL,NULL),(41,2,3,4,1,NULL,'2010-08-12','Feuerwehr Lampertheim',20,NULL,NULL),(42,4,1,4,1,152,'2010-07-18','Wattenheim, Schulstraße',20,NULL,NULL),(43,4,1,4,1,135,'2010-07-06','Europaring 6',25,NULL,NULL),(44,3,3,4,1,NULL,'2010-06-24','Feuerwehr Lampertheim',20,NULL,NULL),(45,4,1,4,1,65,'2010-03-28','Viernheim',25,NULL,NULL),(46,1,3,4,1,NULL,'2010-03-26','Feuerwehr Bürstadt',25,NULL,NULL),(47,2,3,4,1,NULL,'2010-01-21','Feuerwehr Lampertheim',20,NULL,NULL),(48,3,3,4,1,NULL,'2011-05-19','Feuerwehr Lampertheim',30,NULL,NULL),(49,2,3,4,1,NULL,'2011-08-04','Feuerwehr Lampertheim',20,NULL,NULL),(50,4,1,4,1,108,'2011-09-01','Kompostanlage (Filter)',60,NULL,NULL),(51,4,1,4,1,127,'2011-10-09','Römerstraße',15,NULL,NULL),(52,4,1,4,1,129,'2011-10-13','Hofheim, Lindenstraße',30,NULL,NULL),(53,6,2,4,1,155,'2011-12-11','Hallenbad',20,NULL,NULL),(54,1,3,4,1,NULL,'2012-01-27','Feuerwehr Bürstadt',20,NULL,NULL),(55,3,2,4,1,155,'2011-12-11','Hallenbad',0,NULL,NULL),(56,2,3,4,1,NULL,'2012-08-02','Feuerwehr Lampertheim',30,NULL,NULL),(57,3,3,4,1,NULL,'2013-01-31','Feuerwehr LA',20,NULL,NULL),(58,4,1,4,1,21,'2013-02-03','Maldegemstr. 2-4',10,NULL,NULL),(59,1,3,4,1,NULL,'2013-02-22','Feuerwehr Bürstadt',30,NULL,NULL),(60,4,1,4,1,58,'2013-04-18','Schifferstraße 6',20,NULL,NULL),(61,8,1,4,1,NULL,'2013-04-18','BASF Lampertheim',20,NULL,NULL),(62,2,3,5,1,NULL,'2008-07-17','Florianstraße 4 mit E-Übung',25,NULL,NULL),(63,8,3,6,1,NULL,'2010-09-02','WF Ciba',30,NULL,NULL),(64,1,3,6,1,NULL,'2009-03-20','Feuerwehr Bürstadt',20,NULL,NULL),(65,1,3,6,1,NULL,'2011-03-10','WF Daimler Mannheim',20,NULL,NULL),(66,2,3,6,1,NULL,'2011-02-15','WF Daimler Mannheim',20,NULL,NULL),(67,3,3,6,1,NULL,'2011-01-13','WF Daimler Mannheim',20,NULL,NULL),(68,2,3,7,1,NULL,'2010-11-18','Feuerwehr Lampertheim',20,NULL,NULL),(69,2,3,7,1,NULL,'2010-10-14','Feuerwehr Lampertheim',30,NULL,NULL),(70,8,3,7,1,NULL,'2010-09-02','WF Ciba',40,NULL,NULL),(71,3,3,7,1,NULL,'2010-07-29','Feuerwehr Lampertheim',30,NULL,NULL),(72,4,1,7,1,152,'2010-07-18','Wattenheim, Schulstraße',20,NULL,NULL),(73,4,1,7,1,135,'2010-07-06','Europaring 6',20,NULL,NULL),(74,1,1,7,1,NULL,'2010-06-25','Feuerwehr Bürstadt',30,NULL,NULL),(75,8,3,7,1,NULL,'2011-03-27','Losheim',60,NULL,NULL),(76,8,3,7,1,NULL,'2011-06-07','Schillerschule',20,NULL,NULL),(77,1,3,7,1,NULL,'2011-06-24','Feuerwehr Bürstadt',20,NULL,NULL),(78,4,1,7,1,85,'2011-07-30','Lampertheim, Edisonstraße',20,NULL,NULL),(79,4,1,7,1,98,'2011-08-18','Gaußstrasse',40,NULL,NULL),(80,2,3,7,1,NULL,'2011-11-10','Feuerwehr Lampertheim',20,NULL,NULL),(81,9,3,7,1,NULL,'2011-10-01','RWE Biblis',35,NULL,NULL),(82,4,1,7,1,73,'2012-04-14','2 Neugasse',30,NULL,NULL),(83,1,3,7,1,NULL,'2012-05-25','Feuerwehr Bürstadt',25,NULL,NULL),(84,4,1,7,1,140,'2012-08-14','Mannheim, Rhenaniastraße 44',15,NULL,NULL),(85,3,3,7,1,NULL,'2012-09-06','Penny Markt Lampertheim',20,NULL,NULL),(86,4,1,7,1,21,'2013-02-03','Maldegemstr. 2-4',20,NULL,NULL),(87,2,3,7,1,NULL,'2013-02-14','Feuerwehr LA',30,NULL,NULL),(88,2,3,8,1,NULL,'2010-11-18','Feuerwehr Lampertheim',20,NULL,NULL),(89,1,3,8,1,NULL,'2010-11-14','Feuerwehr Bürstadt',60,NULL,NULL),(90,8,3,8,1,NULL,'2010-09-30','Feuerwehr Lampertheim',30,NULL,NULL),(91,8,3,8,1,NULL,'2010-09-16','Feuerwehr Lampertheim',25,NULL,NULL),(92,8,3,8,1,NULL,'2010-09-09','Feuerwehr Lampertheim',30,NULL,NULL),(93,8,3,8,1,NULL,'2010-08-19','Feuerwehr Lampertheim',20,NULL,NULL),(94,4,1,8,1,34,'2011-03-24','Knödlerweiher',20,NULL,NULL),(95,8,3,8,1,NULL,'2011-06-16','Feuerwehr Lampertheim',20,NULL,NULL),(96,4,1,8,1,94,'2011-08-13','In den Gärten Gartenlaube',20,NULL,NULL),(97,4,1,8,1,98,'2011-08-18','Gaußstrasse',40,NULL,NULL),(98,4,1,8,1,108,'2011-09-01','Kompostanlage (Filter)',40,NULL,NULL),(99,8,3,8,1,NULL,'2011-09-29','Lessinggymnasium',30,NULL,NULL),(100,3,3,8,1,NULL,'2011-10-09','Feuerwehr Bürstadt',20,NULL,NULL),(101,4,1,8,1,129,'2011-10-13','Hofheim, Lindenstraße',30,NULL,NULL),(102,1,3,8,1,NULL,'2011-10-28','Feuerwehr Bürstadt',20,NULL,NULL),(103,2,3,8,1,NULL,'2011-11-10','Feuerwehr Lampertheim',20,NULL,NULL),(104,4,1,8,1,151,'2011-12-01','Lorsch, Seehofstraße',30,NULL,NULL),(105,4,1,8,1,14,'2012-01-26','Siemensstraße',15,NULL,NULL),(106,2,3,8,1,NULL,'2012-05-10','Feuerwehr Lampertheim',20,NULL,NULL),(107,8,3,8,1,NULL,'2012-06-05','Pestalozzisdchule',30,NULL,NULL),(108,8,3,8,1,NULL,'2012-07-03','Kindergarten',15,NULL,NULL),(109,4,1,8,1,119,'2012-07-10','Heideweg',30,NULL,NULL),(110,3,3,8,1,NULL,'2012-09-20','Feuerwehr Lampertheim',20,NULL,NULL),(111,1,3,8,1,NULL,'2012-09-28','Feuerwehr Bürstadt',20,NULL,NULL),(112,2,3,8,1,NULL,'2012-11-29','Feuerwehr Lampertheim',20,NULL,NULL),(113,3,3,8,1,NULL,'2013-01-31','Feuerwehr LA',20,NULL,NULL),(114,8,3,9,1,NULL,'2010-08-12','Feuerwehr Lampertheim',25,NULL,NULL),(115,1,3,9,1,NULL,'2011-02-21','Feuerwehr Bürstadt',60,NULL,NULL),(116,8,3,9,1,NULL,'2011-03-10','Florianstraße 4',20,NULL,NULL),(117,8,3,9,1,NULL,'2011-03-31','Daimlerstraße 2',10,NULL,NULL),(118,8,3,9,1,NULL,'2011-06-16','Feuerwehr Lampertheim',20,NULL,NULL),(119,8,3,9,1,NULL,'2011-08-11','Hallenbad',20,NULL,NULL),(120,4,1,9,1,94,'2011-08-13','In den Gärten Gartenlaube',20,NULL,NULL),(121,2,3,9,1,NULL,'2011-11-10','Feuerwehr Lampertheim',20,NULL,NULL),(122,1,3,9,1,NULL,'2012-01-27','Feuerwehr Bürstadt',20,NULL,NULL),(123,2,3,9,1,NULL,'2012-03-15','Feuerwehr Lampertheim',20,NULL,NULL),(124,2,3,9,1,NULL,'2013-02-07','Feuerwehr LA',20,NULL,NULL),(125,1,3,9,1,NULL,'2013-03-22','Feuerwehr Bürstadt',20,NULL,NULL),(126,2,3,10,1,NULL,'2010-08-12','Feuerwehr Lampertheim',20,NULL,NULL),(127,1,3,10,1,NULL,'2010-03-26','Feuerwehr Bürstadt',25,NULL,NULL),(128,2,3,10,1,NULL,'2011-02-24','Feuerwehr Lampertheim',20,NULL,NULL),(129,1,1,10,1,NULL,'2011-02-25','Feuerwehr Bürstadt',20,NULL,NULL),(130,4,1,10,1,98,'2011-08-18','Gaußstrasse',40,NULL,NULL),(131,2,3,10,1,NULL,'2011-09-08','Feuerwehr Lampertheim',20,NULL,NULL),(132,1,3,10,1,NULL,'2012-03-23','Feuerwehr Bürstadt',20,NULL,NULL),(133,2,3,10,1,NULL,'2012-09-13','Feuerwehr Lampertheim',20,NULL,NULL),(134,1,3,11,1,NULL,'2011-01-28','Feuerwehr Bürstadt',30,NULL,NULL),(135,4,1,11,1,10,'2011-01-17','Hollernweg, Gartenhaus',25,NULL,NULL),(136,4,1,11,1,229,'2010-12-10','Bürstadt, Bonifatiusstraße',20,NULL,NULL),(137,4,1,11,1,152,'2010-07-18','Wattenheim, Schulstraße',20,NULL,NULL),(138,4,1,11,1,79,'2010-05-11','Weidweg, Reithalle',30,NULL,NULL),(139,4,1,11,1,66,'2010-03-28','Am Bachsteg 14',30,NULL,NULL),(140,8,1,11,1,NULL,'2010-03-28','Losheim',60,NULL,NULL),(141,8,1,11,1,60,'2010-03-14','Am Bachfeld 4',20,NULL,NULL),(142,2,3,11,1,NULL,'2010-01-28','Feuerwehr Lampertheim',25,NULL,NULL),(143,2,3,11,1,NULL,'2010-01-21','Feuerwehr Lampertheim',20,NULL,NULL),(144,1,3,11,1,NULL,'2010-01-06','Feuerwehr Bürstadt',60,NULL,NULL),(145,2,3,11,1,NULL,'2011-02-24','Feuerwehr Lampertheim',20,NULL,NULL),(146,8,3,11,1,NULL,'2011-03-10','Florianstraße 4',20,NULL,NULL),(147,4,1,11,1,45,'2011-04-14','Europaring 4 / Weinheimerweg',20,NULL,NULL),(148,4,1,11,1,73,'2011-06-26','Wilhelmstraße 2',10,NULL,NULL),(149,4,1,11,1,85,'2011-07-30','Lampertheim, Edisonstraße',30,NULL,NULL),(150,4,1,11,1,94,'2011-08-13','In den Gärten Gartenlaube',20,NULL,NULL),(151,4,1,11,1,98,'2011-08-18','Gaußstrasse',30,NULL,NULL),(152,4,1,11,1,127,'2011-10-09','Römerstraße',15,NULL,NULL),(153,4,1,11,1,151,'2011-12-01','Lorsch, Seehofstraße',30,NULL,NULL),(154,5,1,11,1,151,'2011-12-01','Lorsch, Seehofstraße',15,NULL,NULL),(155,4,2,11,1,155,'2011-12-11','Hallenbad',40,NULL,NULL),(156,2,3,11,1,NULL,'2012-01-26','Feuerwehr Lampertheim',20,NULL,NULL),(157,1,3,11,1,NULL,'2012-01-27','Feuerwehr Bürstadt',20,NULL,NULL),(158,4,1,11,1,76,'2012-04-25','Heideweg 3',10,NULL,NULL),(159,2,3,11,1,NULL,'2012-05-10','Feuerwehr Lampertheim',20,NULL,NULL),(160,8,3,11,1,NULL,'2012-06-29','Kita Übung',20,NULL,NULL),(161,4,1,11,1,119,'2012-07-10','Heideweg',30,NULL,NULL),(162,4,1,11,1,155,'2012-09-08','Hüttenfeld',20,NULL,NULL),(163,1,3,11,1,NULL,'2013-02-22','Feuerwehr Bürstadt',30,NULL,NULL),(164,1,3,12,1,NULL,'2011-01-28','Feuerwehr Bürstadt',30,NULL,NULL),(165,3,3,12,1,NULL,'2011-01-27','Feuerwehr Lampertheim',20,NULL,NULL),(166,2,3,12,1,NULL,'2010-09-23','Firma Reifenmast',20,NULL,NULL),(167,4,1,12,1,79,'2010-05-11','Weidweg, Reithalle',60,NULL,NULL),(168,4,1,12,1,60,'2010-03-14','Am Bachfeld 4',20,NULL,NULL),(169,3,3,12,1,NULL,'2010-03-11','Feuerwehr Lampertheim',20,NULL,NULL),(170,1,3,12,1,NULL,'2010-02-26','Feuerwehr Bürstadt',25,NULL,NULL),(171,8,3,12,1,NULL,'2011-06-16','Feuerwehr Lampertheim',20,NULL,NULL),(172,2,3,12,1,NULL,'2011-07-14','Feuerwehr Lampertheim',25,NULL,NULL),(173,4,1,12,1,108,'2011-09-01','Kompostanlage (Filter)',60,NULL,NULL),(174,2,3,12,1,NULL,'2012-01-26','Feuerwehr Lampertheim',20,NULL,NULL),(175,1,3,12,1,NULL,'2012-01-27','Feuerwehr Bürstadt',20,NULL,NULL),(176,8,3,12,1,NULL,'2012-06-29','Kita Übung',20,NULL,NULL),(177,4,1,12,1,119,'2012-07-10','Heideweg',30,NULL,NULL),(178,3,3,12,1,NULL,'2012-09-20','Feuerwehr Lampertheim',20,NULL,NULL),(179,2,3,12,1,NULL,'2013-02-07','Feuerwehr LA',20,NULL,NULL),(180,1,3,12,1,NULL,'2013-02-22','Feuerwehr Bürstadt',30,NULL,NULL),(181,4,1,12,1,58,'2013-04-18','Schifferstraße 6',20,NULL,NULL),(182,8,1,12,1,NULL,'2013-04-18','BASF Lampertheim',20,NULL,NULL),(183,1,3,13,1,NULL,'2010-08-27','Feuerwehr Bürstadt',30,NULL,NULL),(184,4,1,13,1,70,'2010-04-14','Behringstraße 1',10,NULL,NULL),(185,4,1,13,1,66,'2010-03-28','Am Bachsteg 14',30,NULL,NULL),(186,4,1,13,1,65,'2010-03-28','Viernheim',25,NULL,NULL),(187,2,1,13,1,NULL,'2010-02-18','Feuerwehr Bürstadt',25,NULL,NULL),(188,2,3,13,1,NULL,'2011-03-10','Feuerwehr Lampertheim',20,NULL,NULL),(189,1,3,13,1,NULL,'2011-04-01','Feuerwehr Bürstadt',25,NULL,NULL),(190,4,1,13,1,108,'2011-09-01','Kompostanlage (Filter)',60,NULL,NULL),(191,4,1,13,1,151,'2011-12-01','Lorsch, Seehofstraße',30,NULL,NULL),(192,5,1,13,1,151,'2011-12-01','Lorsch, Seehofstraße',15,NULL,NULL),(193,1,3,13,1,NULL,'2012-02-24','Feuerwehr Bürstadt',20,NULL,NULL),(194,2,3,13,1,NULL,'2012-03-10','Feuerwehr Lampertheim',30,NULL,NULL),(195,1,3,13,1,NULL,'2013-02-22','Feuerwehr Bürstadt',30,NULL,NULL),(196,2,3,14,1,NULL,'2011-09-08','Feuerwehr Lampertheim',20,NULL,NULL),(197,2,3,14,1,NULL,'2012-02-02','Feuerwehr Lampertheim',20,NULL,NULL),(198,2,3,14,1,NULL,'2012-07-19','Feuerwehr Lampertheim',30,NULL,NULL),(199,7,3,14,1,NULL,'2012-08-23','Feuerwehr Lampertheim',20,NULL,NULL),(200,7,3,14,1,NULL,'2012-08-30','Feuerwehr Lampertheim',30,NULL,NULL),(201,4,2,14,1,50,'2013-04-06','Florianstraße 2',30,NULL,NULL),(202,2,3,15,1,NULL,'2010-11-18','Feuerwehr Lampertheim',20,NULL,NULL),(203,3,3,15,1,NULL,'2010-03-11','Feuerwehr Lampertheim',20,NULL,NULL),(204,2,3,15,1,NULL,'2010-01-21','Feuerwehr Lampertheim',20,NULL,NULL),(205,1,3,15,1,NULL,'2009-06-26','Feuerwehr Bürstadt',25,NULL,NULL),(206,1,3,15,1,NULL,'2011-05-27','Feuerwehr Bürstadt',25,NULL,NULL),(207,3,3,15,1,NULL,'2011-07-07','Feuerwehr Lampertheim',25,NULL,NULL),(208,4,1,15,1,98,'2011-08-18','Gaußstrasse',150,NULL,NULL),(209,2,3,15,1,NULL,'2011-10-06','Feuerwehr Lampertheim',25,NULL,NULL),(210,4,1,15,1,151,'2011-12-01','Lorsch, Seehofstraße',30,NULL,NULL),(211,5,1,15,1,151,'2011-12-01','Lorsch, Seehofstraße',90,NULL,NULL),(212,2,3,15,1,NULL,'2012-04-12','Feuerwehr Lampertheim',20,NULL,NULL),(213,2,3,15,1,NULL,'2012-11-29','Feuerwehr Lampertheim',20,NULL,NULL),(214,2,3,16,1,NULL,'2006-03-30','Feuerwehr Lampertheim',30,NULL,NULL),(215,3,3,16,1,NULL,'2011-07-07','Feuerwehr Lampertheim',20,NULL,NULL),(216,1,3,16,1,NULL,'2011-06-24','Feuerwehr Bürstadt',20,NULL,NULL),(217,2,3,16,1,NULL,'2011-06-30','Feuerwehr Lampertheim',25,NULL,NULL),(218,4,1,16,1,108,'2011-09-01','Kompostanlage (Filter)',60,NULL,NULL),(219,4,1,16,1,114,'2011-09-13','Neuschloss Tannenweg Gartenlaube',20,NULL,NULL),(220,4,1,16,1,16,'2012-01-26','Daimlerstraße',15,NULL,NULL),(221,4,1,16,1,15,'2012-01-26','Siemensstraße',15,NULL,NULL),(222,2,3,16,1,NULL,'2012-04-12','Feuerwehr Lampertheim',20,NULL,NULL),(223,1,3,16,1,NULL,'2012-06-22','Feuerwehr Bürstadt',25,NULL,NULL),(224,4,1,16,1,15,'2013-01-22','Edisonstrasse 5',30,NULL,NULL),(225,2,3,17,1,NULL,'2009-03-29','Werfeuerwehr Daimler',30,NULL,NULL),(226,1,3,17,1,NULL,'2009-02-27','Feuerwehr Bürstadt',20,NULL,NULL),(227,2,3,17,1,NULL,'2011-01-29','WF Daimler',20,NULL,NULL),(228,1,3,17,1,NULL,'2011-03-10','WF Daimler',20,NULL,NULL),(229,3,3,17,1,NULL,'2011-01-13','WF Daimler Mannheim',20,NULL,NULL),(230,2,3,17,1,NULL,'2011-10-13','WF Daimler Mannheim',20,NULL,NULL),(231,1,3,17,1,NULL,'2012-03-23','WF Daimler Mannheim',30,NULL,NULL),(232,3,3,17,1,NULL,'2012-05-16','WF Daimler Mannheim',20,NULL,NULL),(233,8,3,17,1,NULL,'2012-11-14','LFS BW',20,NULL,NULL),(234,8,3,17,1,NULL,'2012-11-15','LFS BW',20,NULL,NULL),(235,3,3,17,1,NULL,'2012-11-20','LFS BW',20,NULL,NULL),(236,9,3,17,1,NULL,'2012-11-21','LFS BW',20,NULL,NULL),(237,9,3,17,1,NULL,'2012-11-22','LFS BW',20,NULL,NULL),(238,9,3,17,1,NULL,'2012-11-27','LFS BW',20,NULL,NULL),(239,9,3,17,1,NULL,'2012-11-28','LFS BW',20,NULL,NULL),(240,2,3,17,1,NULL,'2012-11-18','LFS BW',20,NULL,NULL),(241,2,3,17,1,NULL,'2012-12-09','WF Daimler',20,NULL,NULL),(242,2,3,18,1,NULL,'2010-08-12','Feuerwehr Lampertheim',20,NULL,NULL),(243,1,3,18,1,NULL,'2009-09-25','Feuerwehr Bürstadt',20,NULL,NULL),(244,2,3,18,1,NULL,'2011-06-30','Feuerwehr Lampertheim',25,NULL,NULL),(245,2,3,19,1,NULL,'2010-10-14','Feuerwehr Lampertheim',30,NULL,NULL),(246,3,3,19,1,NULL,'2009-03-19','Feuerwehr Lampertheim',20,NULL,NULL),(247,1,3,19,1,NULL,'2009-01-23','WF Ciba',25,NULL,NULL),(248,1,3,19,1,NULL,'2010-04-16','BASF Ludwigshafen',20,NULL,NULL),(249,1,3,19,1,NULL,'2011-01-15','BASF Ludwigshafen',20,NULL,NULL),(250,4,1,19,1,119,'2012-07-10','Heideweg',30,NULL,NULL),(251,1,3,19,1,NULL,'2012-09-06','BASF - LU',20,NULL,NULL),(252,2,3,20,1,NULL,'2010-11-18','Feuerwehr Lampertheim',20,NULL,NULL),(253,1,3,20,1,NULL,'2010-09-24','Feuerwehr Bürstadt',30,NULL,NULL),(254,3,3,20,1,NULL,'2008-03-27','Feuerwehr Lampertheim',20,NULL,NULL),(255,8,3,20,1,NULL,'2011-06-07','Schillerschule',20,NULL,NULL),(256,3,3,20,1,NULL,'2011-07-07','Feuerwehr Lampertheim',25,NULL,NULL),(257,4,1,20,1,85,'2011-07-30','Lampertheim, Edisonstraße',30,NULL,NULL),(258,4,1,20,1,127,'2011-10-09','Römerstraße',20,NULL,NULL),(259,4,1,20,1,129,'2011-10-13','Hofheim, Lindenstraße',60,NULL,NULL),(260,1,3,20,1,NULL,'2011-10-28','Feuerwehr Bürstadt',20,NULL,NULL),(261,2,3,20,1,NULL,'2012-01-26','Feuerwehr Lampertheim',20,NULL,NULL),(262,4,1,20,1,58,'2012-03-22','Römerstraße',20,NULL,NULL),(263,4,1,20,1,73,'2012-04-14','2 Neugasse',25,NULL,NULL),(264,4,1,20,1,119,'2012-07-10','Heideweg',30,NULL,NULL),(265,7,3,20,1,NULL,'2012-08-30','Feuerwehr Lampertheim',15,NULL,NULL),(266,3,3,20,1,NULL,'2012-10-04','Feuerwehr Lampertheim',20,NULL,NULL),(267,1,3,20,1,NULL,'2012-10-26','Feuerwehr Bürstadt',25,NULL,NULL),(268,1,3,21,1,NULL,'2001-01-28','Feuerwehr Bürstadt',30,NULL,NULL),(269,8,3,21,1,NULL,'2010-09-30','Feuerwehr Lampertheim',20,NULL,NULL),(270,2,3,21,1,NULL,'2010-09-09','Feuerwehr Lampertheim',20,NULL,NULL),(271,1,3,21,1,NULL,'2010-02-26','Feuerwehr Bürstadt',25,NULL,NULL),(272,1,3,21,1,NULL,'2011-01-28','Feuerwehr Bürstadt',20,NULL,NULL),(273,4,1,21,1,98,'2011-08-18','Gaußstrasse',60,NULL,NULL),(274,2,3,21,1,NULL,'2011-09-08','Feuerwehr Lampertheim',20,NULL,NULL),(275,4,1,21,1,127,'2011-10-09','Römerstraße',15,NULL,NULL),(276,4,1,21,1,129,'2011-10-13','Hofheim, Lindenstraße',30,NULL,NULL),(277,2,3,21,1,NULL,'2012-01-26','Feuerwehr Lampertheim',20,NULL,NULL),(278,1,3,21,1,NULL,'2012-02-24','Feuerwehr Bürstadt',20,NULL,NULL),(279,8,3,21,1,NULL,'2012-07-03','Kindergarten',15,NULL,NULL),(280,1,3,21,1,NULL,'2012-10-26','Feuerwehr Bürstadt',25,NULL,NULL),(281,2,3,21,1,NULL,'2012-08-04','Feuerwehr LA',20,NULL,NULL),(282,4,1,22,1,21,'2011-02-13','Ulmenweg',25,NULL,NULL),(283,9,3,22,1,NULL,'2010-08-19','US-Feuerwehr Coleman',30,NULL,NULL),(284,4,1,22,1,65,'2010-03-28','Viernheim',25,NULL,NULL),(285,2,3,22,1,NULL,'2009-11-26','Feuerwehr Lampertheim',25,NULL,NULL),(286,1,3,22,1,NULL,'2009-10-23','Feuerwehr Bürstadt',25,NULL,NULL),(287,2,3,22,1,NULL,'2011-03-10','Feuerwehr Lampertheim',20,NULL,NULL),(288,1,3,22,1,NULL,'2011-04-01','Feuerwehr Bürstadt',25,NULL,NULL),(289,8,3,22,1,NULL,'2011-06-16','Feuerwehr Lampertheim',20,NULL,NULL),(290,8,3,22,1,NULL,'2011-09-22','Hofheim, Schubertstraße',5,NULL,NULL),(291,4,1,23,1,124,'2010-06-11','Europaring 2',10,NULL,NULL),(292,2,3,23,1,NULL,'2009-10-01','Feuerwehr Lampertheim',20,NULL,NULL),(293,1,3,23,1,NULL,'2009-03-20','Feuerwehr Bürstadt',20,NULL,NULL),(294,2,3,23,1,NULL,'2011-03-10','Feuerwehr Lampertheim',20,NULL,NULL),(295,4,1,23,1,129,'2011-10-13','Hofheim, Lindenstraße',60,NULL,NULL),(296,1,3,23,1,NULL,'2011-10-28','Feuerwehr Bürstadt',20,NULL,NULL),(297,1,3,24,1,NULL,'2010-08-27','Feuerwehr Bürstadt',30,NULL,NULL),(298,4,1,24,1,79,'2010-05-11','Weidweg, Reithalle',60,NULL,NULL),(299,2,3,24,1,NULL,'2008-02-28','Feuerwehr Lampertheim',20,NULL,NULL),(300,1,3,24,1,NULL,'2011-06-24','Feuerwehr Bürstadt',20,NULL,NULL),(301,2,3,24,1,NULL,'2011-07-14','Feuerwehr Lampertheim',25,NULL,NULL),(302,8,3,25,1,NULL,'2010-11-11','BASF Lampertheim',20,NULL,NULL),(303,1,3,25,1,NULL,'2010-10-22','Feuerwehr Bürstadt',20,NULL,NULL),(304,8,3,25,1,NULL,'2010-09-30','Feuerwehr Lampertheim',30,NULL,NULL),(305,1,3,25,1,NULL,'2010-09-24','Feuerwehr Bürstadt',30,NULL,NULL),(306,2,3,25,1,NULL,'2010-09-23','Firma Reifenmast',20,NULL,NULL),(307,8,3,25,1,NULL,'2010-09-02','WF Ciba',40,NULL,NULL),(308,9,3,25,1,NULL,'2010-08-19','US-Feuerwehr Coleman',30,NULL,NULL),(309,3,3,25,1,NULL,'2010-06-24','Feuerwehr Lampertheim',20,NULL,NULL),(310,8,3,25,1,NULL,'2010-05-12','Hagenstraße Altenheim',30,NULL,NULL),(311,8,3,25,1,NULL,'2010-04-01','Feuerwehr Lampertheim',20,NULL,NULL),(312,4,1,25,1,66,'2010-03-28','Am Bachsteg 14',30,NULL,NULL),(313,2,3,25,1,NULL,'2010-01-28','Feuerwehr Lampertheim',20,NULL,NULL),(314,4,1,25,1,34,'2011-03-24','Knödlerweiher',20,NULL,NULL),(315,8,3,25,1,NULL,'2011-03-27','Losheim',60,NULL,NULL),(316,8,1,25,1,NULL,'2011-03-29','Florianstraße 4, Kinderfeuerwehr',20,NULL,NULL),(317,8,3,25,1,NULL,'2011-03-31','Daimlerstraße 2',20,NULL,NULL),(318,3,3,25,1,NULL,'2011-06-09','Feuerwehr Lampertheim',20,NULL,NULL),(319,2,3,25,1,NULL,'2011-08-04','Feuerwehr Lampertheim',20,NULL,NULL),(320,8,3,25,1,NULL,'2011-08-11','Hallenbad',20,NULL,NULL),(321,8,3,25,1,NULL,'2011-09-29','Lessinggymnasium',30,NULL,NULL),(322,1,3,25,1,NULL,'2011-10-28','Feuerwehr Bürstadt',20,NULL,NULL),(323,4,1,25,1,151,'2011-12-01','Lorsch, Seehofstraße',30,NULL,NULL),(324,5,1,25,1,151,'2011-12-01','Lorsch, Seehofstraße',30,NULL,NULL),(325,8,3,25,1,NULL,'2012-01-05','HLFS Atemschutzstrecke',30,NULL,NULL),(326,2,3,25,1,NULL,'2012-04-12','Feuerwehr Lampertheim',20,NULL,NULL),(327,2,3,25,1,NULL,'2012-05-10','Feuerwehr Lampertheim',20,NULL,NULL),(328,4,1,25,1,73,'2012-04-14','2 Neugasse',30,NULL,NULL),(329,4,1,25,1,119,'2012-07-10','Heideweg',30,NULL,NULL),(330,3,3,25,1,NULL,'2012-07-12','Feuerwehr Lampertheim',20,NULL,NULL),(331,1,3,25,1,NULL,'2013-03-22','Feuerwehr Bürstadt',20,NULL,NULL),(332,8,3,25,1,NULL,'2013-04-13','Losheim',30,NULL,NULL),(333,8,3,25,1,NULL,'2013-04-14','Losheim',30,NULL,NULL),(334,1,3,27,1,NULL,'2010-08-27','Feuerwehr Bürstadt',30,NULL,NULL),(335,4,1,27,1,79,'2010-05-11','Weidweg, Reithalle',30,NULL,NULL),(336,4,1,27,1,66,'2010-03-28','Am Bachsteg 14',30,NULL,NULL),(337,4,1,27,1,65,'2010-03-28','Viernheim',25,NULL,NULL),(338,2,3,27,1,NULL,'2009-10-01','Feuerwehr Lampertheim',20,NULL,NULL),(339,2,3,27,1,NULL,'2011-06-30','Feuerwehr Lampertheim',25,NULL,NULL),(340,4,1,27,1,98,'2011-08-18','Gaußstrasse',40,NULL,NULL),(341,1,3,27,1,NULL,'2011-08-26','Feuerwehr Bürstadt',20,NULL,NULL),(342,4,1,27,1,127,'2011-10-09','Römerstraße',20,NULL,NULL),(343,4,1,28,1,152,'2010-07-18','Wattenheim, Schulstraße',20,NULL,NULL),(344,2,3,28,1,NULL,'2009-07-09','Feuerwehr Lampertheim',20,NULL,NULL),(345,1,3,28,1,NULL,'2009-02-27','Feuerwehr Bürstadt',25,NULL,NULL),(346,2,3,28,1,NULL,'2012-09-13','Feuerwehr Lampertheim',20,NULL,NULL),(347,1,3,28,1,NULL,'2012-10-26','Feuerwehr Bürstadt',25,NULL,NULL),(348,3,3,29,1,NULL,'2006-10-12','Feuerwehr Lampertheim',20,NULL,NULL),(349,1,3,29,1,NULL,'2011-03-10','WF Daimler Mannheim',20,NULL,NULL),(350,2,3,29,1,NULL,'2011-02-15','WF Daimler Mannheim',20,NULL,NULL),(351,3,3,29,1,NULL,'2011-01-13','WF Daimler Mannheim',20,NULL,NULL),(352,4,1,29,1,129,'2011-10-13','Hofheim, Lindenstraße',30,NULL,NULL),(353,1,3,29,1,NULL,'2012-03-17','WF Daimler Mannheim',20,NULL,NULL),(354,2,3,29,1,NULL,'2012-05-08','WF Daimler Mannheim',25,NULL,NULL),(355,3,3,29,1,NULL,'2012-09-30','WF-WF Daimler Mannheim',20,NULL,NULL),(356,3,3,30,1,NULL,'2010-07-29','Feuerwehr Lampertheim',30,NULL,NULL),(357,1,3,30,1,NULL,'2006-11-10','Feuerwehr Bürstadt',20,NULL,NULL),(358,1,3,30,1,NULL,'2011-05-27','Feuerwehr Bürstadt',25,NULL,NULL),(359,2,3,30,1,NULL,'2011-11-10','Feuerwehr Lampertheim',20,NULL,NULL),(360,1,3,30,1,NULL,'2012-06-22','Feuerwehr Bürstadt',25,NULL,NULL),(361,1,3,31,1,NULL,'2010-10-28','Feuerwehr Bürstadt',25,NULL,NULL),(362,3,3,31,1,NULL,'2008-03-27','WF Ciba',25,NULL,NULL),(363,2,3,31,1,NULL,'2007-03-08','Feuerwehr Lampertheim',30,NULL,NULL),(364,2,3,31,1,NULL,'2011-06-30','Feuerwehr Lampertheim',25,NULL,NULL),(365,4,1,31,1,129,'2011-10-13','Hofheim, Lindenstraße',60,NULL,NULL),(366,1,3,31,1,NULL,'2011-12-15','Feuerwehr Bürstadt',20,NULL,NULL),(367,3,3,31,1,NULL,'2011-06-25','BASF Lampertheim',20,NULL,NULL),(368,4,1,31,1,58,'2012-03-22','Römerstraße',20,NULL,NULL),(369,2,3,31,1,NULL,'2012-04-05','Feuerwehr Lampertheim',30,NULL,NULL),(370,2,3,31,1,NULL,'2012-08-02','Feuerwehr Lampertheim',30,NULL,NULL),(371,2,3,32,1,NULL,'2011-10-06','Feuerwehr Lampertheim',25,NULL,NULL),(372,4,2,33,1,21,'2011-02-13','Ulmenweg',10,NULL,NULL),(373,1,3,33,1,NULL,'2011-01-28','Feuerwehr Bürstadt',30,NULL,NULL),(374,3,3,33,1,NULL,'2011-01-27','Feuerwehr Lampertheim',20,NULL,NULL),(375,3,3,33,1,NULL,'2011-01-20','Feuerwehr Lampertheim',20,NULL,NULL),(376,4,1,33,1,10,'2011-01-17','Hollernweg, Gartenhaus',25,NULL,NULL),(377,4,1,33,1,229,'2010-12-10','Bürstadt, Bonifatiusstraße',20,NULL,NULL),(378,4,1,33,1,152,'2010-07-18','Wattenheim, Schulstraße',20,NULL,NULL),(379,8,3,33,1,NULL,'2010-05-12','Hagenstraße Altenheim',30,NULL,NULL),(380,4,1,33,1,79,'2010-05-11','Weidweg, Reithalle',30,NULL,NULL),(381,4,1,33,1,77,'2010-05-09','Eugen-Schreiber-Straße 15',15,NULL,NULL),(382,4,1,33,1,66,'2010-03-28','Am Bachsteg 14',30,NULL,NULL),(383,8,3,33,1,NULL,'2010-03-28','Losheim',60,NULL,NULL),(384,1,3,33,1,NULL,'2010-03-26','Feuerwehr Bürstadt',25,NULL,NULL),(385,2,3,33,1,NULL,'2010-01-21','Feuerwehr Lampertheim',20,NULL,NULL),(386,2,3,33,1,NULL,'2011-02-24','Feuerwehr Lampertheim',20,NULL,NULL),(387,4,1,33,1,34,'2011-03-24','Knödlerweiher',20,NULL,NULL),(388,1,3,33,1,NULL,'2011-04-08','WF Daimler Mannheim',20,NULL,NULL),(389,4,1,33,1,45,'2011-04-14','Europaring 4 / Weinheimerweg',20,NULL,NULL),(390,4,1,33,1,73,'2011-06-26','Wilhelmstraße 2',10,NULL,NULL),(391,4,1,33,1,85,'2011-07-30','Lampertheim, Edisonstraße',30,NULL,NULL),(392,4,1,33,1,86,'2011-08-03','Bahnhof Lampertheim',20,NULL,NULL),(393,8,3,33,1,NULL,'2011-04-20','WF Daimler Mannheim',20,NULL,NULL),(394,2,3,33,1,NULL,'2011-08-09','WF Daimler Mannheim',20,NULL,NULL),(395,4,1,33,1,129,'2011-10-13','Hofheim, Lindenstraße',60,NULL,NULL),(396,2,3,33,1,NULL,'2012-01-22','Werkfeuerwehr Daimer',40,NULL,NULL),(397,1,3,33,1,NULL,'2012-01-22','Werkfeuerwehr Daimer',30,NULL,NULL),(398,3,3,33,1,NULL,'2012-03-29','Feuerwehr Lampertheim',30,NULL,NULL),(399,4,1,33,1,76,'2012-04-25','Heideweg 3',10,NULL,NULL),(400,1,3,33,1,NULL,'2012-03-17','WF Daimler Mannheim',30,NULL,NULL),(401,4,1,33,1,119,'2012-07-10','Heideweg',30,NULL,NULL),(402,8,1,33,1,NULL,'2012-08-09','Stadtwerke',30,NULL,NULL),(403,4,1,33,1,140,'2012-08-14','Mannheim, Rhenaniastraße 44',15,NULL,NULL),(404,4,1,33,1,155,'2012-09-08','Hüttenfeld',20,NULL,NULL),(405,3,3,33,1,NULL,'2012-09-30','WF-WF Daimler Mannheim',20,NULL,NULL),(406,4,1,33,1,15,'2013-01-22','Edisonstrasse 5',30,NULL,NULL),(407,4,1,33,1,17,'2013-01-27','Burggasse 7',5,NULL,NULL),(408,1,3,33,1,NULL,'2013-03-28','WF Daimler',20,NULL,NULL),(409,2,3,33,1,NULL,'2013-03-03','WF Daimler',20,NULL,NULL),(410,4,1,33,1,58,'2013-04-18','Schifferstraße 6',30,NULL,NULL),(411,1,3,34,1,NULL,'2010-09-24','Feuerwehr Bürstadt',30,NULL,NULL),(412,3,3,34,1,NULL,'2009-10-15','Feuerwehr Lampertheim',20,NULL,NULL),(413,2,3,34,1,NULL,'2008-02-28','Feuerwehr Lampertheim',20,NULL,NULL),(414,2,3,34,1,NULL,'2011-04-14','Feuerwehr Lampertheim',30,NULL,NULL),(415,3,3,34,1,NULL,'2011-05-19','Feuerwehr Lampertheim',30,NULL,NULL),(416,4,1,34,1,127,'2011-10-09','Römerstraße',15,NULL,NULL),(417,1,3,34,1,NULL,'2011-10-28','Feuerwehr Bürstadt',20,NULL,NULL),(418,4,2,34,1,155,'2011-12-11','Hallenbad',10,NULL,NULL),(419,6,2,34,1,155,'2011-12-11','Hallenbad',20,NULL,NULL),(420,4,1,34,1,16,'2012-01-26','Daimlerstraße',15,NULL,NULL),(421,4,1,34,1,15,'2012-01-26','Siemensstraße',15,NULL,NULL),(422,4,1,34,1,58,'2012-03-22','Römerstraße',20,NULL,NULL),(423,3,3,34,1,NULL,'2012-03-29','Feuerwehr Lampertheim',30,NULL,NULL),(424,2,3,34,1,NULL,'2012-04-12','Feuerwehr Lampertheim',20,NULL,NULL),(425,3,2,34,1,155,'2011-12-11','Hallenbad',0,NULL,NULL),(426,1,3,34,1,NULL,'2013-02-22','Feuerwehr Bürstadt',30,NULL,NULL),(427,4,2,35,1,21,'2011-02-13','Ulmenweg',10,NULL,NULL),(428,8,3,35,1,NULL,'2010-11-11','BASF Lampertheim',20,NULL,NULL),(429,1,3,35,1,NULL,'2010-10-22','Feuerwehr Bürstadt',20,NULL,NULL),(430,3,3,35,1,NULL,'2010-09-02','Feuerwehr Lampertheim',20,NULL,NULL),(431,8,3,35,1,NULL,'2010-04-01','Feuerwehr Lampertheim',20,NULL,NULL),(432,2,3,35,1,NULL,'2009-02-26','Feuerwehr Lampertheim',30,NULL,NULL),(433,8,3,35,1,NULL,'2011-03-27','Losheim',60,NULL,NULL),(434,8,3,35,1,NULL,'2011-03-31','Daimlerstraße 2',10,NULL,NULL),(435,2,3,35,1,NULL,'2011-05-12','Feuerwehr Lampertheim',30,NULL,NULL),(436,4,1,35,1,85,'2011-07-30','Lampertheim, Edisonstraße',30,NULL,NULL),(437,4,1,35,1,86,'2011-08-03','Bahnhof Lampertheim',20,NULL,NULL),(438,4,1,35,1,108,'2011-09-01','Kompostanlage (Filter)',60,NULL,NULL),(439,4,1,35,1,129,'2011-10-13','Hofheim, Lindenstraße',60,NULL,NULL),(440,1,3,35,1,NULL,'2011-10-28','Feuerwehr Bürstadt',20,NULL,NULL),(441,4,1,35,1,151,'2011-12-01','Lorsch, Seehofstraße',30,NULL,NULL),(442,5,1,35,1,151,'2011-12-01','Lorsch, Seehofstraße',30,NULL,NULL),(443,4,1,35,1,62,'2012-03-25','Bahnhof',10,NULL,NULL),(444,2,3,35,1,NULL,'2012-04-05','Feuerwehr Lampertheim',30,NULL,NULL),(445,4,1,35,1,119,'2012-07-10','Heideweg',30,NULL,NULL),(446,3,3,35,1,NULL,'2012-07-12','Feuerwehr Lampertheim',20,NULL,NULL),(447,1,3,35,1,NULL,'2012-08-24','Feuerwehr Bürstadt',30,NULL,NULL),(448,4,1,35,1,26,'2013-02-13','Europaring 6',20,NULL,NULL),(449,2,3,36,1,NULL,'2010-09-09','Feuerwehr Lampertheim',20,NULL,NULL),(450,4,1,36,1,66,'2010-03-28','Am Bachsteg 14',20,NULL,NULL),(451,1,3,36,1,NULL,'2011-04-01','Feuerwehr Bürstadt',25,NULL,NULL),(452,2,3,36,1,NULL,'2012-09-13','Feuerwehr Lampertheim',20,NULL,NULL),(453,1,3,36,1,NULL,'2012-09-28','Feuerwehr Bürstadt',20,NULL,NULL),(454,1,3,37,1,NULL,'2010-11-14','Feuerwehr Bürstadt',60,NULL,NULL),(455,8,3,37,1,NULL,'2010-09-16','Feuerwehr Lampertheim',35,NULL,NULL),(456,8,3,37,1,NULL,'2010-09-09','Feuerwehr Lampertheim',30,NULL,NULL),(457,8,3,37,1,NULL,'2011-03-31','Daimlerstraße 2',20,NULL,NULL),(458,2,3,37,1,NULL,'2011-08-04','Feuerwehr Lampertheim',20,NULL,NULL),(459,4,1,37,1,94,'2011-08-13','In den Gärten Gartenlaube',20,NULL,NULL),(460,1,3,37,1,NULL,'2011-10-28','Feuerwehr Bürstadt',20,NULL,NULL),(461,8,3,37,1,NULL,'2012-06-05','Pestalozzisdchule',30,NULL,NULL),(462,2,3,37,1,NULL,'2012-08-02','Feuerwehr Lampertheim',30,NULL,NULL),(463,1,3,37,1,NULL,'2012-09-28','Feuerwehr Bürstadt',20,NULL,NULL),(464,4,1,38,1,85,'2011-07-30','Lampertheim, Edisonstraße',20,NULL,NULL),(465,2,3,38,1,NULL,'2011-08-04','Feuerwehr Lampertheim',20,NULL,NULL),(466,1,3,38,1,NULL,'2011-08-26','Feuerwehr Bürstadt',20,NULL,NULL),(467,8,3,38,1,NULL,'2011-09-29','Lessinggymnasium',25,NULL,NULL),(468,9,3,38,1,NULL,'2011-10-01','RWE Biblis',35,NULL,NULL),(469,1,3,38,1,NULL,'2013-02-22','Feuerwehr Bürstadt',30,NULL,NULL),(470,1,3,39,1,NULL,'2008-08-22','Feuerwehr Bürstadt',20,NULL,NULL),(471,8,3,40,1,NULL,'2010-03-28','Losheim',60,NULL,NULL),(472,1,3,40,1,NULL,'2008-11-06','WF Ciba',25,NULL,NULL),(473,3,3,40,1,NULL,'2008-02-15','WF Ciba',25,NULL,NULL),(474,1,3,40,1,NULL,'2011-05-26','Feuerwehr Bürstadt',20,NULL,NULL),(475,4,1,40,1,108,'2011-09-01','Kompostanlage (Filter)',40,NULL,NULL),(476,2,3,40,1,NULL,'2011-03-19','Feuerwehr Lampertheim',20,NULL,NULL),(477,2,3,40,1,NULL,'2012-03-10','Feuerwehr Lampertheim',30,NULL,NULL),(478,2,3,41,1,NULL,'2010-10-14','Feuerwehr Lampertheim',30,NULL,NULL),(479,1,3,41,1,NULL,'2010-06-25','Feuerwehr Bürstadt',25,NULL,NULL),(480,4,1,41,1,79,'2010-05-11','Weidweg, Reithalle',20,NULL,NULL),(481,4,1,41,1,65,'2010-03-28','Viernheim',25,NULL,NULL),(482,4,1,41,1,98,'2011-08-18','Gaußstrasse',40,NULL,NULL),(483,1,3,41,1,NULL,'2011-10-28','Feuerwehr Bürstadt',20,NULL,NULL),(484,2,3,41,1,NULL,'2012-04-05','Feuerwehr Lampertheim',30,NULL,NULL),(485,4,1,41,1,153,'2012-09-07','Sophie-Scholl-St. 49',20,NULL,NULL),(486,4,1,41,1,155,'2012-09-08','Hüttenfeld',20,NULL,NULL),(487,1,3,41,1,NULL,'2012-10-26','Feuerwehr Bürstadt',25,NULL,NULL),(488,4,1,42,1,134,'2010-07-02','Andreasstraße 8',20,NULL,NULL),(489,4,1,42,1,79,'2010-05-11','Weidweg, Reithalle',30,NULL,NULL),(490,4,1,42,1,77,'2010-05-09','Eugen-Schreiber-Straße 15',15,NULL,NULL),(491,8,3,42,1,NULL,'2010-03-28','Losheim',60,NULL,NULL),(492,1,3,42,1,NULL,'2010-02-26','Feuerwehr Bürstadt',25,NULL,NULL),(493,2,3,42,1,NULL,'2010-02-18','Feuerwehr Lampertheim',25,NULL,NULL),(494,3,3,42,1,NULL,'2007-02-22','Feuerwehr Lampertheim',30,NULL,NULL),(495,4,1,42,1,34,'2011-03-24','Knödlerweiher',20,NULL,NULL),(496,2,3,42,1,NULL,'2011-05-12','Feuerwehr Lampertheim',30,NULL,NULL),(497,1,3,42,1,NULL,'2011-05-27','Feuerwehr Bürstadt',25,NULL,NULL),(498,8,3,42,1,NULL,'2011-06-16','Feuerwehr Lampertheim',20,NULL,NULL),(499,4,1,42,1,129,'2011-10-13','Hofheim, Lindenstraße',60,NULL,NULL),(500,4,1,42,1,140,'2012-08-14','Mannheim, Rhenaniastraße 44',15,NULL,NULL),(501,4,1,42,1,153,'2012-09-07','Sophie-Scholl-St. 49',20,NULL,NULL),(502,5,1,42,1,15,'2013-01-22','Edisonstrasse 5',30,NULL,NULL),(503,3,3,42,1,NULL,'2013-01-31','Feuerwehr LA',20,NULL,NULL),(504,2,3,42,1,NULL,'2013-02-07','Feuerwehr LA',20,NULL,NULL),(505,1,3,42,1,NULL,'2013-02-22','Feuerwehr Bürstadt',30,NULL,NULL),(506,3,3,43,1,NULL,'2011-01-22','Feuerwehr Lampertheim',40,NULL,NULL),(507,8,3,43,1,NULL,'2010-09-30','Feuerwehr Lampertheim',20,NULL,NULL),(508,2,3,43,1,NULL,'2010-09-23','Firma Reifenmast',20,NULL,NULL),(509,9,3,43,1,NULL,'2010-08-19','US-Feuerwehr Coleman',30,NULL,NULL),(510,4,1,43,1,124,'2010-06-11','Europaring 2',10,NULL,NULL),(511,4,1,43,1,79,'2010-05-11','Weidweg, Reithalle',60,NULL,NULL),(512,4,1,43,1,70,'2010-04-14','Behringstraße 1',10,NULL,NULL),(513,1,3,43,1,NULL,'2010-03-26','Feuerwehr Bürstadt',25,NULL,NULL),(514,2,3,43,1,NULL,'2010-01-28','Feuerwehr Lampertheim',25,NULL,NULL),(515,1,1,43,1,NULL,'2011-02-25','Feuerwehr Bürstadt',20,NULL,NULL),(516,8,3,43,1,NULL,'2011-03-31','Daimlerstraße 2',20,NULL,NULL),(517,3,3,43,1,NULL,'2011-05-12','Feuerwehr Lampertheim',20,NULL,NULL),(518,8,3,43,1,NULL,'2011-06-16','Feuerwehr Lampertheim',20,NULL,NULL),(519,4,1,43,1,98,'2011-08-18','Gaußstrasse',40,NULL,NULL),(520,2,3,43,1,NULL,'2011-09-08','Feuerwehr Lampertheim',20,NULL,NULL),(521,8,3,43,1,NULL,'2011-09-22','Hofheim, Schubertstraße',20,NULL,NULL),(522,4,1,43,1,129,'2011-10-13','Hofheim, Lindenstraße',60,NULL,NULL),(523,4,1,43,1,151,'2011-12-01','Lorsch, Seehofstraße',30,NULL,NULL),(524,5,1,43,1,151,'2011-12-01','Lorsch, Seehofstraße',30,NULL,NULL),(525,4,1,43,1,14,'2012-01-26','Siemensstraße',15,NULL,NULL),(526,1,3,43,1,NULL,'2012-01-27','Feuerwehr Bürstadt',20,NULL,NULL),(527,4,2,43,1,95,'2012-06-03','Saarstraße 39',30,NULL,NULL),(528,2,3,43,1,NULL,'2012-08-02','Feuerwehr Lampertheim',30,NULL,NULL),(529,1,3,43,1,NULL,'2012-09-28','Feuerwehr Bürstadt',20,NULL,NULL),(530,3,3,43,1,NULL,'2012-10-04','Feuerwehr Lampertheim',20,NULL,NULL),(531,8,1,43,1,NULL,'2013-04-18','BASF Lampertheim',20,NULL,NULL),(532,8,3,43,1,NULL,'2013-04-13','Losheim',30,NULL,NULL),(533,8,3,43,1,NULL,'2013-04-14','Losheim',30,NULL,NULL),(534,3,3,44,1,NULL,'2011-01-22','Feuerwehr Bürstadt',40,NULL,NULL),(535,2,3,44,1,NULL,'2010-11-18','Feuerwehr Lampertheim',20,NULL,NULL),(536,1,3,44,1,NULL,'2010-11-14','Feuerwehr Bürstadt',60,NULL,NULL),(537,8,3,44,1,NULL,'2010-09-16','Feuerwehr Lampertheim',35,NULL,NULL),(538,8,3,44,1,NULL,'2010-09-09','Feuerwehr Lampertheim',30,NULL,NULL),(539,8,3,44,1,NULL,'2010-08-19','Feuerwehr Lampertheim',20,NULL,NULL),(540,8,3,44,1,NULL,'2010-08-12','Feuerwehr Lampertheim',35,NULL,NULL),(541,5,1,44,1,79,'2010-05-11','Weidweg, Reithalle',30,NULL,NULL),(542,2,3,44,1,NULL,'2010-02-18','Feuerwehr Lampertheim',25,NULL,NULL),(543,1,3,45,1,NULL,'2010-08-27','Feuerwehr Bürstadt',30,NULL,NULL),(544,4,1,45,1,135,'2010-07-06','Europaring 6',30,NULL,NULL),(545,2,3,45,1,NULL,'2010-01-28','Feuerwehr Lampertheim',25,NULL,NULL),(546,2,3,45,1,NULL,'2011-03-10','Feuerwehr Lampertheim',20,NULL,NULL),(547,1,3,45,1,NULL,'2011-09-23','Feuerwehr Bürstadt',25,NULL,NULL),(548,4,1,45,1,129,'2011-10-13','Hofheim, Lindenstraße',30,NULL,NULL),(549,2,3,45,1,NULL,'2012-07-19','Feuerwehr Lampertheim',30,NULL,NULL),(550,1,3,45,1,NULL,'2012-10-26','Feuerwehr Bürstadt',25,NULL,NULL),(551,1,3,46,1,NULL,'2009-10-23','Feuerwehr Bürstadt',25,NULL,NULL),(552,2,3,46,1,NULL,'2011-05-26','Feuerwehr Lampertheim',30,NULL,NULL),(553,1,3,46,1,NULL,'2011-05-27','Feuerwehr Bürstadt',25,NULL,NULL),(554,4,1,46,1,21,'2013-02-03','Maldegemstr. 2-4',10,NULL,NULL),(555,2,3,48,1,NULL,'2012-03-15','Feuerwehr Lampertheim',20,NULL,NULL),(556,7,3,48,1,NULL,'2012-03-15','Feuerwehr Lampertheim',10,NULL,NULL),(557,1,3,48,1,NULL,'2012-03-25','Feuerwehr Bürstadt',90,NULL,NULL),(558,8,1,48,1,NULL,'2012-08-09','Stadtwerke',30,NULL,NULL),(559,1,3,49,1,NULL,'2010-08-27','Feuerwehr Bürstadt',30,NULL,NULL),(560,2,3,49,1,NULL,'2009-02-19','Feuerwehr Lampertheim',30,NULL,NULL),(561,2,3,49,1,NULL,'2011-05-12','Feuerwehr Lampertheim',30,NULL,NULL),(562,1,3,49,1,NULL,'2011-05-27','Feuerwehr Bürstadt',25,NULL,NULL),(563,8,3,49,1,NULL,'2011-08-11','Hallenbad',20,NULL,NULL),(564,4,1,49,1,73,'2012-04-14','2. Neugasse',25,NULL,NULL),(565,1,3,49,1,NULL,'2012-06-22','Feuerwehr Bürstadt',25,NULL,NULL),(566,3,3,49,1,NULL,'2012-09-06','Penny Markt Lampertheim',20,NULL,NULL),(567,2,3,49,1,NULL,'2012-11-29','Feuerwehr Lampertheim',20,NULL,NULL),(568,8,3,50,1,NULL,'2010-10-14','Feuerwehr Lampertheim',20,NULL,NULL),(569,8,3,50,1,NULL,'2010-09-30','Feuerwehr Lampertheim',20,NULL,NULL),(570,1,3,50,1,NULL,'2011-02-21','Feuerwehr Bürstadt',60,NULL,NULL),(571,8,3,50,1,NULL,'2011-03-27','Losheim',60,NULL,NULL),(572,2,3,50,1,NULL,'2011-05-12','Feuerwehr Lampertheim',30,NULL,NULL),(573,8,3,50,1,NULL,'2011-06-16','Feuerwehr Lampertheim',20,NULL,NULL),(574,4,1,50,1,151,'2011-12-01','Lorsch, Seehofstraße',30,NULL,NULL),(575,5,1,50,1,151,'2011-12-01','Lorsch, Seehofstraße',30,NULL,NULL),(576,4,1,50,1,73,'2012-04-14','2 Neugasse',25,NULL,NULL),(577,2,3,50,1,NULL,'2012-05-10','Feuerwehr Lampertheim',20,NULL,NULL),(578,1,3,50,1,NULL,'2012-05-25','Feuerwehr Bürstadt',25,NULL,NULL),(579,1,3,51,1,NULL,'2011-01-28','Feuerwehr Bürstadt',30,NULL,NULL),(580,2,3,51,1,NULL,'2010-09-09','Feuerwehr Lampertheim',20,NULL,NULL),(581,1,3,51,1,NULL,'2010-02-26','Feuerwehr Bürstadt',25,NULL,NULL),(582,4,1,51,1,98,'2011-08-18','Gaußstrasse',10,NULL,NULL),(583,2,3,51,1,NULL,'2011-11-17','Feuerwehr Lampertheim',20,NULL,NULL),(584,4,1,51,1,151,'2011-12-01','Lorsch, Seehofstraße',30,NULL,NULL),(585,4,2,51,1,155,'2011-12-11','Hallenbad',40,NULL,NULL),(586,2,3,52,1,NULL,'2008-09-18','Feuerwehr Lampertheim',25,NULL,NULL),(587,1,3,52,1,NULL,'2007-10-26','Feuerwehr Bürstadt',30,NULL,NULL),(588,1,3,53,1,NULL,'2010-09-24','Feuerwehr Bürstadt',30,NULL,NULL),(589,4,1,53,1,135,'2010-07-06','Europaring 6',25,NULL,NULL),(590,4,1,53,1,60,'2010-03-14','Am Bachfeld 4',20,NULL,NULL),(591,2,3,53,1,NULL,'2006-08-24','Feuerwehr Lampertheim',30,NULL,NULL),(592,2,3,53,1,NULL,'2012-02-02','Feuerwehr Lampertheim',20,NULL,NULL),(593,1,3,53,1,NULL,'2013-02-22','Feuerwehr Bürstadt',30,NULL,NULL),(594,2,3,54,1,NULL,'2011-10-06','Feuerwehr Lampertheim',25,NULL,NULL),(595,2,3,54,1,NULL,'2012-02-02','Feuerwehr Lampertheim',20,NULL,NULL),(596,2,3,54,1,NULL,'2012-03-15','Feuerwehr Lampertheim',20,NULL,NULL),(597,7,3,54,1,NULL,'2012-03-15','Feuerwehr Lampertheim',10,NULL,NULL),(598,1,3,54,1,NULL,'2012-03-25','Feuerwehr Bürstadt',90,NULL,NULL),(599,8,1,54,1,NULL,'2012-08-09','Stadtwerke',30,NULL,NULL),(600,2,3,54,1,NULL,'2013-02-07','Feuerwehr LA',20,NULL,NULL),(601,1,3,54,1,NULL,'2013-03-22','Feuerwehr Bürstadt',20,NULL,NULL),(602,4,2,54,1,50,'2013-04-06','Florianstraße 2',30,NULL,NULL),(603,8,3,56,1,NULL,'2010-09-30','Feuerwehr Lampertheim',20,NULL,NULL),(604,2,3,56,1,NULL,'2010-09-09','Feuerwehr Lampertheim',20,NULL,NULL),(605,8,3,56,1,NULL,'2010-09-02','WF Ciba',30,NULL,NULL),(606,1,3,56,1,NULL,'2010-06-25','Feuerwehr Bürstadt',25,NULL,NULL),(607,1,3,56,1,NULL,'2011-06-24','Feuerwehr Bürstadt',20,NULL,NULL),(608,4,1,56,1,98,'2011-08-18','Gaußstrasse',40,NULL,NULL),(609,4,1,56,1,151,'2011-12-01','Lorsch, Seehofstraße',30,NULL,NULL),(610,4,1,56,1,152,'2011-12-02','Pfaffenwiese',10,NULL,NULL),(611,4,1,56,1,12,'2012-01-26','Daimlerstraße',15,NULL,NULL),(612,2,3,56,1,NULL,'2012-02-02','Feuerwehr Lampertheim',20,NULL,NULL),(613,4,1,56,1,62,'2012-03-25','Bahnhof',10,NULL,NULL),(614,4,1,56,1,73,'2012-04-14','2 Neugasse',30,NULL,NULL),(615,4,1,56,1,119,'2012-07-10','Heideweg',30,NULL,NULL),(616,4,1,56,1,153,'2012-09-07','Sophie-Scholl-St. 49',20,NULL,NULL),(617,3,3,57,1,NULL,'2010-04-19','WF Freudenberg',20,NULL,NULL),(618,1,3,57,1,NULL,'2010-03-22','WF Freudenberg',25,NULL,NULL),(619,2,3,57,1,NULL,'2008-04-03','Feuerwehr Lampertheim',20,NULL,NULL),(620,3,3,57,1,NULL,'2011-05-12','Feuerwehr Lampertheim',20,NULL,NULL),(621,2,3,57,1,NULL,'2011-05-26','Feuerwehr Lampertheim',30,NULL,NULL),(622,4,1,57,1,98,'2011-08-18','Gaußstrasse',20,NULL,NULL),(623,4,1,58,1,134,'2010-07-02','Andreasstraße 8',20,NULL,NULL),(624,1,3,58,1,NULL,'2010-06-25','Feuerwehr Bürstadt',25,NULL,NULL),(625,4,1,58,1,65,'2010-03-28','Viernheim',25,NULL,NULL),(626,1,3,58,1,NULL,'2011-02-23','US Feuerwehr',30,NULL,NULL),(627,2,3,58,1,NULL,'2011-02-08','US Feuerwehr',30,NULL,NULL),(628,4,1,58,1,151,'2011-12-01','Lorsch, Seehofstraße',30,NULL,NULL),(629,5,1,58,1,151,'2011-12-01','Lorsch, Seehofstraße',30,NULL,NULL),(630,2,3,58,1,NULL,'2012-02-12','US Army',25,NULL,NULL),(631,5,1,58,1,15,'2013-01-22','Edisonstrasse 5',30,NULL,NULL),(632,4,1,59,1,58,'2013-04-18','Schifferstraße 6',20,NULL,NULL),(633,4,1,62,1,152,'2010-07-18','Wattenheim, Schulstraße',20,NULL,NULL),(634,1,3,62,1,NULL,'2009-10-23','Feuerwehr Bürstadt',25,NULL,NULL),(635,2,3,62,1,NULL,'2008-10-09','Feuerwehr Lampertheim',20,NULL,NULL),(636,8,3,62,1,NULL,'2011-03-31','Daimlerstraße 2',10,NULL,NULL),(637,1,3,62,1,NULL,'2011-04-01','Feuerwehr Bürstadt',25,NULL,NULL),(638,2,3,62,1,NULL,'2011-05-26','Feuerwehr Lampertheim',30,NULL,NULL),(639,8,3,62,1,NULL,'2011-06-16','Feuerwehr Lampertheim',20,NULL,NULL),(640,4,1,62,1,98,'2011-08-18','Gaußstrasse',60,NULL,NULL),(641,8,3,62,1,NULL,'2011-09-22','Hofheim, Schubertstraße',5,NULL,NULL),(642,4,1,62,1,151,'2011-12-01','Lorsch, Seehofstraße',30,NULL,NULL),(643,4,1,62,1,152,'2011-12-02','Pfaffenwiese',10,NULL,NULL),(644,4,1,62,1,12,'2012-01-26','Daimlerstraße',15,NULL,NULL),(645,4,1,62,1,73,'2012-04-14','2 Neugasse',30,NULL,NULL),(646,2,3,62,1,NULL,'2012-11-29','Feuerwehr Lampertheim',20,NULL,NULL),(647,4,1,62,1,58,'2013-04-18','Schifferstraße 6',30,NULL,NULL),(648,1,3,63,1,NULL,'2010-06-25','Feuerwehr Bürstadt',30,NULL,NULL),(649,2,3,63,1,NULL,'2008-02-07','Feuerwehr Lampertheim',20,NULL,NULL),(650,1,3,63,1,NULL,'2011-05-27','Feuerwehr Bürstadt',25,NULL,NULL),(651,2,3,63,1,NULL,'2011-07-14','Feuerwehr Lampertheim',25,NULL,NULL),(652,8,3,63,1,NULL,'2011-08-11','Hallenbad',20,NULL,NULL),(653,1,3,63,1,NULL,'2012-08-24','Feuerwehr Bürstadt',30,NULL,NULL),(654,2,3,63,1,NULL,'2012-09-13','Feuerwehr Lampertheim',20,NULL,NULL),(655,8,3,64,1,NULL,'2010-10-14','Feuerwehr Lampertheim',20,NULL,NULL),(656,2,3,64,1,NULL,'2010-08-12','Feuerwehr Lampertheim',20,NULL,NULL),(657,4,1,64,1,66,'2010-03-28','Am Bachsteg 14',20,NULL,NULL),(658,1,3,64,1,NULL,'2010-03-17','WF Werfeuerwehr Daimler',20,NULL,NULL),(659,1,3,64,1,NULL,'2011-03-10','WF Daimler Mannheim',20,NULL,NULL),(660,1,3,64,1,NULL,'2011-06-17','Berufsfeuerwehr Frankfurt',30,NULL,NULL),(661,2,3,64,1,NULL,'2011-06-17','Berufsfeuerwehr Frankfurt',30,NULL,NULL),(662,3,3,64,1,NULL,'2011-06-17','Berufsfeuerwehr Frankfurt',20,NULL,NULL),(663,4,1,64,1,58,'2012-03-22','Römerstraße',20,NULL,NULL),(664,1,3,64,1,NULL,'2012-03-17','WF Daimler Mannheim',20,NULL,NULL),(665,2,3,64,1,NULL,'2012-05-08','WF Daimler Mannheim',25,NULL,NULL),(666,3,3,64,1,NULL,'2012-09-06','Feuerwehr Lampertheim',20,NULL,NULL),(667,3,3,64,1,NULL,'2012-09-06','Penny Markt Lampertheim',20,NULL,NULL),(668,3,3,64,1,NULL,'2012-09-30','WF-WF Daimler Mannheim',20,NULL,NULL),(669,2,3,64,1,NULL,'2013-03-13','WF Daimler',30,NULL,NULL),(670,8,1,64,1,NULL,'2013-04-18','BASF Lampertheim',20,NULL,NULL),(671,1,3,65,1,NULL,'2009-03-20','Feuerwehr Bürstadt',20,NULL,NULL),(672,2,3,65,1,NULL,'2008-05-29','Feuerwehr Lampertheim',25,NULL,NULL),(673,7,3,66,1,NULL,'2012-08-23','Feuerwehr Lampertheim',20,NULL,NULL),(674,7,3,66,1,NULL,'2012-08-30','Feuerwehr Lampertheim',30,NULL,NULL),(675,1,3,66,1,NULL,'2012-09-16','Feuerwehr Bürstadt',20,NULL,NULL),(676,2,3,66,1,NULL,'2012-09-16','Feuerwehr Bürstadt',20,NULL,NULL),(677,4,1,66,1,17,'2013-01-27','Burggasse 7',5,NULL,NULL),(678,9,3,67,1,NULL,'2010-08-19','US-Feuerwehr Coleman',30,NULL,NULL),(679,1,3,67,1,NULL,'2010-02-26','Feuerwehr Bürstadt',20,NULL,NULL),(680,2,3,67,1,NULL,'2009-02-19','Feuerwehr Lampertheim',30,NULL,NULL),(681,2,3,67,1,NULL,'2011-02-24','Feuerwehr Lampertheim',20,NULL,NULL),(682,1,1,67,1,NULL,'2011-02-25','Feuerwehr Bürstadt',20,NULL,NULL),(683,8,3,67,1,NULL,'2011-09-29','Lessinggymnasium',25,NULL,NULL),(684,1,3,17,4,NULL,'2013-05-04','WF Daimler Mannheim',20,'',NULL),(685,4,1,33,2,67,'2013-05-04','Bürstadt, Vincenzstr.6',30,'',NULL),(686,4,1,11,2,67,'2013-05-04','Bürstadt, Vincenzstr.6',30,'',NULL),(687,2,3,2,2,NULL,'2013-05-16','FW-Lampempertheim',30,'',NULL),(688,2,3,34,2,NULL,'2013-05-16','FW-Lampertheim',30,NULL,NULL),(689,2,3,35,1,NULL,'2013-03-28','Feuerwehr Lampertheim',25,'',NULL),(690,2,3,13,1,NULL,'2013-03-28','Feuerwehr Lampertheim',25,'',NULL),(691,2,3,11,1,NULL,'2013-03-28','Feuerwehr Lampertheim',25,'',NULL),(692,2,3,14,1,NULL,'2013-03-28','Feuerwehr Lampertheim',25,'',NULL),(693,8,1,2,2,NULL,'2013-05-23','fw',30,'',NULL),(694,8,1,41,2,NULL,'2013-05-23','fw',30,'',NULL),(695,8,1,2,2,NULL,'2013-05-23','FW-Lampempertheim',30,'',NULL),(696,8,1,41,2,NULL,'2013-05-23','FW-Lampertheim',30,NULL,NULL),(697,1,3,15,2,NULL,'2013-05-24','FW-Bürstadt',30,'',NULL),(698,1,3,3,2,NULL,'2013-05-24','FW-Bürstadt',30,'',NULL),(699,1,3,7,2,NULL,'2013-05-24','FW-Bürstadt',30,'',NULL),(700,8,1,14,2,NULL,'2013-05-23','FW-Lampempertheim',30,'',NULL),(701,8,1,8,2,NULL,'2013-05-23','FW-Lampempertheim',30,'',NULL),(702,8,1,25,2,NULL,'2013-05-23','FW-Lampempertheim',30,'',NULL),(703,8,1,59,2,NULL,'2013-05-23','FW-Lampertheim',30,NULL,NULL),(704,3,3,15,2,NULL,'2013-03-14','FW-Lampertheim',20,NULL,NULL),(705,3,3,38,2,NULL,'2013-03-14','FW-Lampertheim',20,NULL,NULL),(706,2,3,40,2,NULL,'2013-06-13','Feuerwehr Lampertheim',30,'',NULL),(707,2,3,25,2,NULL,'2013-06-13','Feuerwehr Lampertheim',30,'',NULL),(708,2,3,16,2,NULL,'2013-06-13','Feuerwehr Lampertheim',30,'',NULL),(709,2,3,14,2,NULL,'2013-06-13','Feuerwehr Lampertheim',30,'',NULL),(710,3,3,25,2,NULL,'2013-06-20','Feuerwehr Lampertheim',30,'',NULL),(711,3,3,16,2,NULL,'2013-06-20','Feuerwehr Lampertheim',30,'',NULL),(712,8,3,31,1,NULL,'2013-06-20','Hofheim',15,'',NULL),(713,8,3,19,1,NULL,'2013-06-20','Hofheim',15,'',NULL),(714,8,3,33,1,NULL,'2013-06-20','Hofheim',30,'',NULL),(715,8,3,14,1,NULL,'2013-06-20','Hofheim',30,'',NULL),(716,3,3,2,2,NULL,'2013-06-27','FW-Lampempertheim',20,'',NULL),(717,1,3,40,2,NULL,'2013-06-20','FW-Bürstadt',30,'',NULL),(718,1,3,2,2,NULL,'2013-06-28','FW-Bürstadt',30,'',NULL),(719,1,3,10,2,NULL,'2013-06-28','FW-Bürstadt',30,'',NULL),(720,1,3,16,2,NULL,'2013-06-28','FW-Bürstadt',30,'',NULL),(721,4,2,42,1,128,'2013-07-01','Mannheimer Straße 16, Lampertheim',20,NULL,NULL),(722,4,2,25,1,128,'2013-07-01','Mannheimer Straße 16, Lampertheim',20,NULL,NULL),(723,2,3,68,2,NULL,'2013-07-04','FW-Lampertheim',30,NULL,NULL),(724,2,3,48,2,NULL,'2013-07-04','FW-Lampertheim',30,NULL,NULL),(725,2,3,3,2,NULL,'2013-07-04','FW-Lampertheim',30,NULL,NULL),(726,2,3,53,2,NULL,'2013-07-04','FW-Lampertheim',30,NULL,NULL),(727,2,3,32,2,NULL,'2013-07-04','FW-Lampertheim',30,NULL,NULL),(728,1,3,64,2,NULL,'2013-03-13','WF Daimler Mannheim',30,'',NULL),(729,2,3,4,2,NULL,'2013-08-01','FW-Lampertheim',30,NULL,NULL),(730,2,3,1,2,NULL,'2013-08-01','FW-Lampempertheim',30,'',NULL),(731,2,3,3,2,NULL,'2013-08-01','FW-Lampertheim',30,NULL,NULL),(732,2,3,43,2,NULL,'2013-08-01','FW-Lampertheim',30,NULL,NULL),(735,2,1,10,5,0,'2013-08-15','Feuerwehr Lampertheim',0,'',NULL),(736,4,1,42,1,148,'2013-08-08','Sandtorferweg 8, Lampertheim',20,'',NULL),(737,4,1,33,1,148,'2013-08-08','Sandtorferweg 8, Lampertheim',20,'',NULL),(738,2,3,10,2,NULL,'2013-08-15','FW-Lampertheim',30,NULL,NULL),(739,2,3,10,2,NULL,'2013-08-15','FW-Lampertheim',30,NULL,NULL),(740,2,3,21,2,NULL,'2013-08-15','FW-Lampertheim',30,NULL,NULL),(741,2,3,15,2,NULL,'2013-08-15','FW-Lampertheim',30,NULL,NULL),(742,2,3,11,2,NULL,'2013-08-15','FW-Lampertheim',30,NULL,NULL),(743,1,3,1,4,NULL,'2013-08-23','Bürstadt',20,NULL,NULL),(744,1,3,68,4,NULL,'2013-08-23','Bürstadt',20,NULL,NULL),(745,1,3,35,4,NULL,'2013-08-23','Bürstadt',20,NULL,NULL),(746,8,3,1,2,NULL,'2013-08-29','FW-Lampertheim',20,'CSA',NULL),(747,8,3,14,2,NULL,'2013-08-29','FW-Lampertheim',30,NULL,NULL),(748,8,3,37,2,NULL,'2013-08-29','FW-Lampertheim',30,NULL,NULL),(749,8,3,11,2,NULL,'2013-08-29','FW-Lampertheim',30,NULL,NULL),(750,8,3,3,2,NULL,'2013-08-29','FW-Lampertheim',20,'CSA',NULL),(751,8,1,14,2,NULL,'2013-09-05','FW-Lampertheim',20,NULL,NULL),(752,8,1,48,2,NULL,'2013-09-05','FW-Lampertheim',20,NULL,NULL),(753,3,3,34,5,NULL,'2013-09-12','FW-Lampertheim',30,'',NULL),(754,3,3,33,5,NULL,'2013-09-12','FW-Lampertheim',30,'',NULL),(755,8,3,14,1,NULL,'2013-09-19','Fa Wolff, Heppenheimerstraße, Hüttenfeld',30,'',NULL),(756,8,3,25,1,NULL,'2013-09-19','Fa Wolff, Heppenheimerstraße, Hüttenfeld',30,'',NULL),(757,8,3,15,1,NULL,'2013-09-19','Fa Wolff, Heppenheimerstraße, Hüttenfeld',20,'',NULL),(758,8,3,8,1,NULL,'2013-09-19','Fa Wolff, Heppenheimerstraße, Hüttenfeld',20,'',NULL),(759,2,3,66,2,NULL,'2013-09-26','FW-Lampertheim',30,'',NULL),(760,2,3,36,2,NULL,'2013-09-26','FW-Lampertheim',30,'',NULL),(761,2,3,14,2,NULL,'2013-09-26','FW-Lampertheim',30,'',NULL),(762,2,3,8,2,NULL,'2013-09-26','FW-Lampertheim',30,'',NULL),(763,8,1,13,2,NULL,'2013-09-26','FW-Lampertheim',15,'',NULL),(764,8,1,28,2,NULL,'2013-09-26','FW-Lampertheim',15,'',NULL),(765,1,3,48,2,NULL,'2013-09-27','FW-Bürstadt',30,NULL,NULL),(766,1,3,37,2,NULL,'2013-09-27','FW-Bürstadt',30,NULL,NULL),(767,1,3,8,2,NULL,'2013-09-27','FW-Bürstadt',30,NULL,NULL),(768,1,3,49,2,NULL,'2013-09-27','FW-Bürstadt',30,NULL,NULL),(769,1,3,29,4,NULL,'2013-04-15','BF Mannheim',20,'',NULL),(770,1,3,43,2,NULL,'2013-10-18','FW-Bürstadt',30,NULL,NULL),(771,1,3,21,2,NULL,'2013-10-18','FW-Bürstadt',30,NULL,NULL),(772,4,1,4,1,174,'2013-10-19','Fa ABB, Edisonstraße 15',35,'Erkundung, Lüftung',NULL),(773,4,1,25,1,174,'2013-10-19','Fa ABB, Edisonstraße 15',35,'Erkundung, Lüftung',NULL),(774,4,1,4,2,187,'2013-11-14','Alte Viernheimerstrasse 20',30,'',NULL),(775,4,1,33,2,187,'2013-11-14','Alte Viernheimerstrasse 20',30,'',NULL),(776,4,1,13,2,196,'2013-11-28','Hüttenfeld Kleingartenanlage Gartenlaube',20,'',NULL),(777,4,1,33,2,196,'2013-11-28','Hüttenfeld Kleingartenanlage Gartenlaube',20,'',NULL),(778,1,3,19,2,NULL,'2013-11-14','BASF Ludwigshafen',20,'',NULL),(779,3,3,33,2,NULL,'2013-11-21','WF-Daimler AG',1,NULL,NULL),(780,3,3,64,2,NULL,'2013-11-19','WF-Daimler AG',1,NULL,NULL),(781,1,1,14,2,NULL,'2013-03-17','Feuerwehr Bürstadt',0,'',NULL),(782,4,1,58,2,213,'2013-12-28','Blumenthalstrasse25',20,'',NULL),(783,4,1,7,2,213,'2013-12-28','Blumenthalstrasse25',20,'',NULL),(784,4,1,16,2,213,'2013-12-28','Blumenthalstrasse25',20,'',NULL),(785,4,1,30,2,213,'2013-12-28','Blumenthalstrasse25',20,'',NULL),(786,4,1,68,2,9,'2014-01-16','Gewerbestraße 10',15,'',NULL),(787,4,1,33,2,9,'2014-01-16','Gewerbestraße 10',15,'',NULL),(788,3,3,42,2,NULL,'2014-01-23','FW-Lampertheim',25,'',NULL),(789,3,3,8,2,NULL,'2014-01-23','FW-Lampertheim',25,'',NULL),(790,1,3,42,2,NULL,'2014-01-24','FW-Bürstadt',30,'',NULL),(791,1,3,14,2,NULL,'2014-01-24','FW-Bürstadt',30,'',NULL),(792,1,3,45,2,NULL,'2014-01-24','FW-Bürstadt',30,'',NULL),(793,2,3,59,4,NULL,'2014-01-30','FF Lampertheim',20,'',NULL),(794,2,3,62,4,NULL,'2014-01-30','FF Lampertheim',20,'',NULL),(795,2,3,49,4,NULL,'2014-01-30','FF Lampertheim',20,'',NULL),(796,2,3,45,4,NULL,'2014-01-30','FF Lampertheim',20,'',NULL),(797,3,3,17,4,NULL,'2013-12-14','WF Daimler Mannheim',20,'',NULL),(798,2,3,17,4,NULL,'2013-12-15','WF Daimler Mannheim',20,'',NULL),(799,2,3,7,4,NULL,'2014-02-27','FF Lampertheim',20,'',NULL),(800,2,3,63,4,NULL,'2014-02-27','FF Lampertheim',20,'',NULL),(801,2,3,47,4,NULL,'2014-02-27','FF Lampertheim',20,'',NULL),(802,2,3,35,4,NULL,'2014-02-27','FF Lampertheim',20,'',NULL),(803,3,3,4,4,NULL,'2014-03-06','FF Lampertheim',20,'',NULL),(804,3,3,49,4,NULL,'2014-03-06','FF Lampertheim',20,'',NULL),(805,1,3,33,4,NULL,'2014-03-03','WF Daimler Mannheim',20,'',NULL),(806,2,3,64,4,NULL,'2014-02-14','WF Daimler Mannheim',20,'',NULL),(807,1,3,11,4,NULL,'2014-03-07','Feuerwehr Bürstadt',20,'',NULL),(808,1,3,12,4,NULL,'2014-03-07','Feuerwehr Bürstadt',20,'',NULL),(809,1,3,29,4,NULL,'2014-03-11','WF Daimler Mannheim',25,'',NULL),(810,1,3,17,4,NULL,'2014-03-12','WF Daimler Mannheim',25,'',NULL),(811,2,3,33,4,NULL,'2014-02-27','WF Daimler Mannheim',20,'',NULL),(812,2,3,33,4,NULL,'2014-02-27','WF Daimler Mannheim',20,'',NULL),(813,2,3,11,2,NULL,'2014-03-13','FW-Lampertheim',30,'',NULL),(814,1,3,59,2,NULL,'2014-01-29','FW Rüsselsheim',30,'',NULL),(815,1,3,64,4,NULL,'2014-03-07','Werkfeuerwehr Daimer',20,'',NULL),(816,1,3,4,1,NULL,'2014-03-28','Feuerwehr Bürstadt',30,'',NULL),(817,1,3,25,1,NULL,'2014-03-28','Feuerwehr Bürstadt',30,'',NULL),(818,1,3,70,1,NULL,'2014-03-28','Feuerwehr Bürstadt',30,'',NULL),(819,1,3,53,1,NULL,'2014-03-28','Feuerwehr Bürstadt',30,'',NULL),(820,1,3,34,1,NULL,'2014-03-28','Feuerwehr Bürstadt',30,'',NULL),(822,2,3,41,1,NULL,'2014-03-20','Feuerwehr Lampertheim',30,'',NULL),(823,2,3,14,1,NULL,'2014-03-20','Feuerwehr Lampertheim',30,'',NULL),(824,2,3,70,1,NULL,'2014-03-20','Feuerwehr Lampertheim',30,'',NULL),(825,3,3,15,2,NULL,'2014-04-03','FW-Lampertheim',25,'',NULL),(826,3,3,43,2,NULL,'2014-04-03','FW-Lampertheim',25,'',NULL),(827,4,1,2,1,60,'2014-05-09','Schwalbenstraße 28',20,'Innenangriff',NULL),(828,4,1,62,1,60,'2014-05-09','Schwalbenstraße 28',20,'Innenangriff',NULL),(829,4,1,8,1,60,'2014-05-09','Schwalbenstraße 28',20,'Innenangriff',NULL),(830,4,1,1,1,60,'2014-05-09','Schwalbenstraße 28',20,'Innenangriff',NULL),(831,4,1,43,1,60,'2014-05-09','Schwalbenstraße 28',20,'Innenangriff',NULL),(832,4,1,14,1,60,'2014-05-09','Schwalbenstraße 28',20,'Innenangriff',NULL),(833,4,1,21,1,60,'2014-05-09','Schwalbenstraße 28',20,NULL,NULL),(834,4,1,3,1,60,'2014-05-09','Schwalbenstraße 28',20,NULL,NULL),(835,4,1,29,1,60,'2014-05-09','Schwalbenstraße 28',20,'DLK',NULL),(836,4,1,17,1,60,'2014-05-09','Schwalbenstraße 28',20,'DLK',NULL),(837,5,1,25,1,60,'2014-05-09','Schwalbenstraße 28',10,'',NULL),(838,4,1,62,1,66,'2014-05-19','Im Brühl 11',20,'',NULL),(839,4,1,7,1,66,'2014-05-19','Im Brühl 11',20,'',NULL),(840,4,1,33,1,66,'2014-05-19','Im Brühl 11',20,'',NULL),(841,4,1,17,1,66,'2014-05-19','Im Brühl 11',20,'',NULL),(842,1,1,56,2,66,'2014-05-19','Im Brühl 11',20,'',NULL),(843,1,1,7,2,66,'2014-05-19','Im Brühl 11',20,'',NULL),(844,1,1,33,2,66,'2014-05-19','Im Brühl 11',20,'',NULL),(845,1,1,17,2,66,'2014-05-19','Im Brühl 11',20,'',NULL),(846,2,3,34,2,NULL,'2014-05-22','FW-Lampertheim',20,'',NULL),(847,2,3,3,2,NULL,'2014-05-22','FW-Lampertheim',20,'',NULL),(848,2,3,29,2,NULL,'2014-05-22','FW-Lampertheim',20,'',NULL),(849,2,3,64,2,NULL,'2014-02-14','WF Daimler Mannheim',20,'',NULL),(851,2,3,22,1,NULL,'2014-05-22','FW-Lampempertheim',20,'',NULL),(852,1,3,22,1,NULL,'2014-05-23','FW-Bürstadt',30,'',NULL),(853,1,3,1,1,NULL,'2014-05-23','FW-Bürstadt',30,'',NULL),(854,1,3,3,1,NULL,'2014-05-23','FW-Bürstadt',30,'',NULL),(855,1,3,62,2,NULL,'2014-06-27','FW-Bürstadt',30,'',NULL),(856,1,3,10,2,NULL,'2014-06-27','FW-Bürstadt',30,'',NULL),(857,1,3,36,2,NULL,'2014-06-27','FW-Bürstadt',30,'',NULL),(858,8,1,43,2,NULL,'2014-07-03','Lampertheim Berufsschule',30,'',NULL),(859,8,1,21,2,NULL,'2014-07-03','Lampertheim Berufsschule',30,'',NULL),(860,8,1,48,2,NULL,'2014-07-03','Lampertheim Berufsschule',30,'',NULL),(861,8,1,71,2,NULL,'2014-07-03','Lampertheim Berufsschule',30,'',NULL),(862,2,3,2,2,NULL,'2014-07-10','FW-Lampertheim',30,'',NULL),(863,2,3,4,2,NULL,'2014-07-10','FW-Lampertheim',30,'',NULL),(864,2,3,14,2,NULL,'2014-07-10','FW-Lampertheim',30,'',NULL),(865,2,3,25,2,NULL,'2014-07-10','FW-Lampertheim',30,'',NULL),(866,4,1,33,2,98,'2014-07-15','Rheinstraße 17',20,'',NULL),(867,4,1,42,2,98,'2014-07-15','Rheinstraße 17',20,'',NULL),(868,1,3,8,2,NULL,'2014-07-25','FW-Bürstadt',30,'',NULL),(869,1,3,35,2,NULL,'2014-07-25','FW-Bürstadt',30,'',NULL),(870,1,3,37,2,NULL,'2014-07-25','FW-Bürstadt',30,'',NULL),(871,2,3,1,2,NULL,'2014-07-31','FW-Lampertheim',30,'',NULL),(872,2,3,19,2,NULL,'2014-07-31','FW-Lampertheim',30,'',NULL),(873,2,3,50,2,NULL,'2014-07-31','FW-Lampertheim',30,'',NULL),(874,2,3,14,2,NULL,'2014-07-31','FW-Lampertheim',30,'',NULL),(875,2,3,53,2,NULL,'2014-08-07','FW-Lampertheim',30,'',NULL),(876,2,3,34,2,NULL,'2014-08-07','FW-Lampertheim',30,'',NULL),(877,2,3,43,2,NULL,'2014-08-07','FW-Lampertheim',30,'',NULL),(878,2,3,65,2,NULL,'2014-08-07','FW-Lampertheim',30,'',NULL),(879,3,3,2,2,NULL,'2014-08-21','FW-Lampertheim',30,'',NULL),(880,3,3,35,2,NULL,'2014-08-21','FW-Lampertheim',30,'',NULL),(881,8,1,62,2,NULL,'2014-08-28','FW-Lampertheim',25,'',NULL),(882,8,1,36,2,NULL,'2014-08-28','FW-Lampertheim',25,'',NULL),(883,9,3,4,1,NULL,'2014-09-14','Gelnhausen',30,'',NULL),(884,9,3,43,1,NULL,'2014-09-14','Gelnhausen',30,'',NULL),(885,9,3,14,1,NULL,'2014-09-14','Gelnhausen',30,'',NULL),(886,9,3,7,1,NULL,'2014-09-14','Gelnhausen',30,'',NULL),(887,9,3,25,1,NULL,'2014-09-14','Gelnhausen',30,'',NULL),(888,9,3,53,1,NULL,'2014-09-14','Gelnhausen',30,'',NULL),(889,2,3,13,2,NULL,'2014-09-18','FW-Lampertheim',30,'',NULL),(890,2,3,21,2,NULL,'2014-09-18','FW-Lampertheim',30,'',NULL),(891,2,3,43,2,NULL,'2014-09-18','FW-Lampertheim',30,'',NULL),(892,2,3,8,2,NULL,'2014-09-18','FW-Lampertheim',30,'',NULL),(893,8,3,8,1,NULL,'2014-09-25','Wilhelm-Herz-Ring',45,'Menschenrettung, Messung, Bergung Strahler',NULL),(894,8,3,25,1,NULL,'2014-09-25','Wilhelm-Herz-Ring',45,'Menschenrettung, Messung, Bergung Strahler',NULL),(895,8,3,70,1,NULL,'2014-09-25','Wilhelm-Herz-Ring',20,'Messung',NULL),(896,8,3,14,1,NULL,'2014-09-25','Wilhelm-Herz-Ring',20,'Messung',NULL),(897,2,3,10,4,NULL,'2014-10-09','FF Lampertheim',20,'',NULL),(898,2,3,68,4,NULL,'2014-10-09','FF Lampertheim',20,'',NULL),(899,2,3,33,4,NULL,'2014-10-09','FF Lampertheim',20,'',NULL),(900,1,3,68,1,NULL,'2014-10-24','Feuerwehr Bürstadt',30,'',NULL),(901,1,3,43,1,NULL,'2014-10-24','Feuerwehr Bürstadt',30,'',NULL),(902,1,3,21,1,NULL,'2014-10-24','Feuerwehr Bürstadt',30,'',NULL),(903,1,3,6,1,NULL,'2014-10-24','Feuerwehr Bürstadt',30,'',NULL),(904,1,3,71,1,NULL,'2014-10-24','Feuerwehr Bürstadt',30,'',NULL),(905,3,1,33,2,NULL,'2014-10-22','WF Daimler Mannheim',60,'',NULL),(906,4,1,43,4,NULL,'2014-11-16','Lampertheim',15,'',NULL),(907,4,1,8,4,NULL,'2014-11-16','Lampertheim',15,'',NULL),(908,3,3,17,4,NULL,'2014-11-29','WF Daimler Mannheim',20,'',NULL),(909,3,3,64,4,NULL,'2014-11-22','WF Daimler Mannheim',20,'',NULL),(910,1,3,19,4,NULL,'2014-11-23','WF BASF',20,'',NULL),(911,3,3,29,4,NULL,'2014-11-02','WF Daimler Mannheim',20,'',NULL),(912,3,3,19,4,NULL,'2014-12-04','Feuerwehr Lampertheim',20,'',NULL),(913,3,3,25,4,NULL,'2014-12-04','Feuerwehr Lampertheim',20,'',NULL),(914,3,3,70,4,NULL,'2014-12-04','Feuerwehr Lampertheim',20,'',NULL),(915,3,3,3,2,NULL,'2014-12-11','FW-Lampertheim',20,'',NULL),(916,3,3,34,2,NULL,'2014-12-11','FW-Lampertheim',20,'',NULL),(917,4,1,62,1,267,'2014-12-29','Andreasstraße 9, Lampertheim',25,'Innenangriff',NULL),(918,4,1,22,1,267,'2014-12-29','Andreasstraße 9, Lampertheim',25,'Innenangriff',NULL),(919,4,1,53,1,267,'2014-12-29','Andreasstraße 9, Lampertheim',10,'Innenangriff',NULL),(920,4,1,4,1,267,'2014-12-29','Andreasstraße 9, Lampertheim',20,'Innenangriff',NULL),(921,4,1,42,1,267,'2014-12-29','Andreasstraße 9, Lampertheim',20,'Innenangriff',NULL),(922,4,1,58,1,267,'2014-12-29','Andreasstraße 9, Lampertheim',10,'Innenangriff',NULL),(923,2,3,11,2,NULL,'2015-01-29','FW-Lampertheim',30,'',NULL),(924,2,3,14,2,NULL,'2015-01-29','FW-Lampertheim',30,'',NULL),(925,2,3,63,2,NULL,'2015-01-29','FW-Lampertheim',30,'',NULL),(926,2,3,48,2,NULL,'2015-01-29','FW-Lampertheim',30,'',NULL),(927,1,3,63,2,NULL,'2015-01-30','FW-Bürstadt',30,'',NULL),(928,1,3,14,2,NULL,'2015-01-30','FW-Bürstadt',30,'',NULL),(929,1,3,11,2,NULL,'2015-01-30','FW-Bürstadt',30,'',NULL),(930,3,3,8,4,NULL,'2015-02-05','FW-Lampertheim',20,'',NULL),(931,3,3,43,4,NULL,'2015-02-05','FW-Lampertheim',20,'',NULL),(932,2,3,17,4,NULL,'2014-12-27','WF Daimler Mannheim',20,'',NULL),(933,2,3,64,4,NULL,'2015-02-12','WF Daimler Mannheim',20,'',NULL),(934,3,3,4,4,NULL,'2015-02-26','FW-Lampertheim',20,'',NULL),(935,3,3,31,4,NULL,'2015-02-26','FW-Lampertheim',20,'',NULL),(936,2,3,35,4,NULL,'2015-02-26','FW-Lampertheim',20,'',NULL),(937,2,3,49,4,NULL,'2015-02-26','FW-Lampertheim',20,'',NULL),(938,1,3,53,2,NULL,'2015-02-27','FW-Bürstadt',30,'',NULL),(939,1,3,2,2,NULL,'2015-02-27','FW-Bürstadt',30,'',NULL),(940,2,3,33,2,NULL,'2015-02-14','WF Daimler Mannheim',60,'',NULL),(941,1,3,6,2,NULL,'2015-03-10','WF Daimler Mannheim',20,'',NULL),(942,1,3,17,4,NULL,'2015-03-07','WF Daimler Mannheim',20,'',NULL),(943,1,3,29,4,NULL,'2015-03-07','WF Daimler Mannheim',20,'',NULL),(944,1,3,71,4,NULL,'2015-03-07','WF Daimler Mannheim',20,'',NULL),(945,1,3,33,4,NULL,'2015-03-24','BF Mannheim',20,'',NULL),(946,1,3,64,4,NULL,'2015-03-13','WF Daimler Mannheim',20,'',NULL),(947,2,3,66,4,NULL,'2015-03-26','Feuerwehr Lampertheim',20,'',NULL),(948,2,3,71,4,NULL,'2015-03-26','Feuerwehr Lampertheim',20,'',NULL),(949,2,3,54,4,NULL,'2015-03-26','Feuerwehr Lampertheim',20,'',NULL),(950,2,3,37,4,NULL,'2015-03-26','Feuerwehr Lampertheim',20,'',NULL),(951,3,3,71,4,NULL,'2014-12-06','WF Daimler Mannheim',20,'',NULL),(952,1,3,4,4,NULL,'2015-03-27','FW-Bürstadt',20,'',NULL),(953,1,3,13,4,NULL,'2015-03-27','FW-Bürstadt',20,'',NULL),(954,1,3,54,4,NULL,'2015-03-27','FW-Bürstadt',20,'',NULL),(955,1,3,10,4,NULL,'2015-03-27','FW-Bürstadt',20,'',NULL),(956,4,1,34,2,40,'2015-04-16','Königsbergerstrasse',20,'',NULL),(957,4,1,54,2,40,'2015-04-16','Königsbergerstrasse',20,'',NULL),(958,4,1,13,1,35,'2015-04-10','Lindenweg, Lampertheim',15,'',NULL),(959,4,1,11,1,35,'2015-04-10','Lindenweg, Lampertheim',15,'',NULL),(960,1,3,73,4,NULL,'2015-05-16','FW-Bürstadt',20,NULL,'Atemschutzgeräteträger Lehrgang'),(961,3,3,75,4,NULL,'2015-05-21','FW-Lampertheim',20,'',NULL),(962,3,3,71,4,NULL,'2015-05-21','FW-Lampertheim',20,'',NULL),(963,1,3,3,1,NULL,'2015-05-22','Feuerwehr Bürstadt',30,'',NULL),(964,1,3,56,1,NULL,'2015-05-22','Feuerwehr Bürstadt',30,'',NULL),(965,1,3,25,1,NULL,'2015-05-22','Feuerwehr Bürstadt',30,'',NULL),(966,1,3,70,1,NULL,'2015-05-22','Feuerwehr Bürstadt',30,'',NULL),(967,1,3,34,1,NULL,'2015-05-22','Feuerwehr Bürstadt',30,'',NULL),(968,1,3,1,1,NULL,'2015-05-22','Feuerwehr Bürstadt',30,'',NULL),(969,1,3,72,2,NULL,'2015-05-15','FW-Bürstadt',30,'AT-Lehrgang 15.05.2015',NULL),(970,1,3,58,2,NULL,'2015-05-27','US Feuerwehr',30,'',NULL),(971,2,3,58,2,NULL,'2015-04-13','US Feuerwehr',30,'Ausbildung 13.04.-17.04.2015',NULL),(972,1,3,66,2,NULL,'2015-03-27','FW-Bürstadt',30,'',NULL),(973,1,3,75,2,NULL,'2015-06-26','FW-Bürstadt',30,'',NULL),(974,1,3,41,2,NULL,'2015-06-26','FW-Bürstadt',30,'',NULL),(975,2,3,3,2,NULL,'2015-07-09','FW-Lampertheim',20,'',NULL),(976,2,3,14,2,NULL,'2015-07-09','FW-Lampertheim',20,'',NULL),(977,2,3,24,2,NULL,'2015-07-09','FW-Lampertheim',20,'',NULL),(978,4,1,4,2,82,'2015-07-09','Europaring 16',15,'',NULL),(979,4,1,14,2,82,'2015-07-09','Europaring 16',15,'',NULL),(980,2,3,25,2,NULL,'2015-07-16','FW-Lampertheim',30,'',NULL),(981,2,3,4,2,NULL,'2015-07-16','FW-Lampertheim',30,'',NULL),(982,2,3,56,2,NULL,'2015-07-16','FW-Lampertheim',30,'',NULL),(983,2,3,72,2,NULL,'2015-07-16','FW-Lampertheim',30,'',NULL),(984,1,3,24,2,NULL,'2015-07-24','FW-Bürstadt',30,'',NULL),(985,1,3,8,2,NULL,'2015-07-24','FW-Bürstadt',30,'',NULL),(986,1,3,37,2,NULL,'2015-07-24','FW-Bürstadt',30,'',NULL),(987,2,3,76,2,NULL,'2015-10-01','FW-Lampertheim',0,'30',NULL),(988,2,3,21,2,NULL,'2015-10-01','FW-Lampertheim',0,'30',NULL),(989,2,3,34,2,NULL,'2015-10-01','FW-Lampertheim',0,'30',NULL),(990,1,3,76,1,NULL,'2015-09-20','Feuerwehr Bürstadt',30,NULL,'ATS-Lehrgang'),(991,2,3,1,4,NULL,'2015-10-08','FF lampertheim',20,'',NULL),(992,2,3,43,4,NULL,'2015-10-08','FF lampertheim',20,'',NULL),(993,8,3,4,2,NULL,'2015-10-17','Gefahrgut-Übung in Viernheim',30,'',NULL),(994,8,3,1,2,NULL,'2015-10-17','Gefahrgut-Übung in Viernheim',30,'',NULL),(995,3,3,33,2,NULL,'2015-10-17','Gefahrgut-Übung in Viernheim',20,'',NULL),(996,3,3,75,2,NULL,'2015-10-17','Gefahrgut-Übung in Viernheim',20,'',NULL),(997,1,3,19,2,NULL,'2015-10-18','WF BASF',30,'',NULL),(998,1,3,35,2,NULL,'2015-10-23','FW-Bürstadt',30,'',NULL),(999,1,3,25,2,NULL,'2015-10-23','FW-Bürstadt',30,'',NULL),(1000,1,3,19,4,NULL,'2015-10-18','BASF Ludwigshafen',20,'',NULL),(1001,2,3,17,4,NULL,'2015-11-07','FF Lampertheim',20,'',NULL),(1002,3,3,17,4,NULL,'2016-01-13','WF Daimler Mannheim',20,'',NULL),(1003,3,3,29,4,NULL,'2016-01-13','WF Daimler Mannheim',20,'',NULL),(1004,2,3,33,2,NULL,'2016-01-17','WF Daimler Mannheim',30,'',NULL),(1005,3,3,33,2,NULL,'2016-01-17','WF Daimler Mannheim',30,'',NULL),(1006,3,3,31,2,NULL,'2016-01-28','FW-Lampertheim',20,'',NULL),(1007,3,3,43,2,NULL,'2016-01-28','FW-Lampertheim',20,'',NULL),(1008,1,3,21,2,NULL,'2016-01-29','FW-Bürstadt',30,'',NULL),(1009,1,3,14,2,NULL,'2016-01-29','FW-Bürstadt',30,'',NULL),(1010,1,3,43,2,NULL,'2016-01-29','FW-Bürstadt',30,'',NULL),(1011,2,3,64,2,NULL,'2016-01-16','WF Daimler Mannheim',30,'',NULL),(1012,3,3,64,2,NULL,'2015-12-17','WF Daimler Mannheim',30,'',NULL),(1013,2,3,79,2,NULL,'2015-09-26','BF Ludwigshafen',150,NULL,NULL),(1014,1,3,79,2,NULL,'2016-02-06','BF Ludwigshafen',30,'',NULL),(1015,1,1,33,2,NULL,'2016-03-29','WF Werfeuerwehr Daimler',30,'',NULL),(1016,1,1,64,2,NULL,'2016-03-02','WF Daimler Mannheim',30,'',NULL),(1017,1,3,34,2,NULL,'2016-03-04','FW-Bürstadt',30,'',NULL),(1018,1,3,4,2,NULL,'2016-03-04','FW-Bürstadt',30,'',NULL),(1019,1,3,73,2,NULL,'2016-02-29','BF Mannheim',30,'',NULL),(1020,1,3,31,4,0,'2016-03-03','FW Bürstadt',20,NULL,NULL),(1021,1,3,80,4,NULL,'2016-03-06','FW Bürstadt',20,NULL,'Atemschutzlehrgang'),(1022,1,3,60,4,NULL,'2015-09-20','FW Bürstadt',20,NULL,'Atemschutzgrundlehrgang'),(1023,2,3,58,2,NULL,'2016-03-08','US Feuerwehr',30,'',NULL),(1024,2,3,34,2,NULL,'2016-03-17','FW-Lampertheim',30,'',NULL),(1025,2,3,73,2,NULL,'2016-03-17','FW-Lampertheim',30,'',NULL),(1026,2,3,8,2,NULL,'2016-03-17','FW-Lampertheim',30,'',NULL),(1027,2,3,77,2,NULL,'2016-03-17','FW-Lampertheim',30,'',NULL),(1028,1,3,29,4,NULL,'2016-03-24','BF Mannheim Wache Süd',20,'',NULL),(1029,1,3,17,4,NULL,'2016-03-24','BF Mannheim Wache Süd',20,'',NULL),(1030,1,2,77,4,NULL,'2015-11-13','FF Bürstadt',20,'',NULL),(1031,1,2,78,4,NULL,'2015-11-13','FF Bürstadt',20,'',NULL),(1032,1,2,81,4,NULL,'2015-11-13','FF Bürstadt',20,'',NULL),(1033,2,3,29,4,NULL,'2016-02-25','WF Daimler Mannheim',20,'',NULL),(1034,4,1,56,2,19,'2016-04-03','Hofheim',30,'',NULL),(1035,4,1,72,2,19,'2016-04-03','Hofheim',30,'',NULL),(1036,2,3,3,2,NULL,'2016-04-14','FW-Lampertheim',30,'',NULL),(1037,2,3,80,2,NULL,'2016-04-14','FW-Lampertheim',30,'',NULL),(1038,2,3,1,2,NULL,'2016-03-31','FW-Lampertheim',30,'',NULL),(1039,3,3,72,2,NULL,'2016-01-24','FW Bürstadt',30,'',NULL),(1040,1,3,72,4,NULL,'2016-05-06','FF Bürstadt',25,'',NULL),(1041,1,3,80,4,NULL,'2016-05-06','FF Bürstadt',25,'',NULL),(1042,1,3,10,4,NULL,'2016-05-13','FW Bürstadt',20,'',NULL),(1043,1,3,2,4,NULL,'2016-05-13','FW Bürstadt',20,'',NULL),(1044,1,3,3,4,NULL,'2016-05-13','FW Bürstadt',20,'',NULL),(1045,1,3,54,4,NULL,'2016-05-13','FW Bürstadt',20,'',NULL),(1046,8,1,73,2,NULL,'2016-06-02','FW-Lampertheim',20,'',NULL),(1047,8,1,79,2,NULL,'2016-06-02','FW-Lampertheim',20,'',NULL),(1048,4,1,53,2,103,'2016-06-09','Hofheim, Steffanstrasse 19',60,'',NULL),(1049,4,1,4,2,103,'2016-06-09','Hofheim, Steffanstrasse 19',90,'',NULL),(1050,4,1,34,2,103,'2016-06-09','Hofheim, Steffanstrasse 19',30,'',NULL),(1051,4,1,78,2,103,'2016-06-09','Hofheim, Steffanstrasse 19',30,'',NULL),(1052,4,1,56,2,103,'2016-06-09','Hofheim, Steffanstrasse 19',30,'',NULL),(1053,4,1,73,2,103,'2016-06-09','Hofheim, Steffanstrasse 19',30,'',NULL),(1054,4,1,72,2,103,'2016-06-09','Hofheim, Steffanstrasse 19',60,'',NULL),(1055,4,1,76,2,103,'2016-06-09','Hofheim, Steffanstrasse 19',30,'',NULL),(1056,4,1,4,2,121,'2016-06-26','Sandtorfer Weg, Lampertheim',30,'',NULL),(1057,4,1,10,2,121,'2016-06-26','Sandtorfer Weg, Lampertheim',30,'',NULL),(1058,4,1,21,2,121,'2016-06-26','Sandtorfer Weg, Lampertheim',30,'Filter',NULL),(1059,4,1,76,2,121,'2016-06-26','Sandtorfer Weg, Lampertheim',30,'Filter',NULL),(1060,4,1,79,2,121,'2016-06-26','Sandtorfer Weg, Lampertheim',30,'Filter',NULL),(1061,4,1,54,2,121,'2016-06-26','Sandtorfer Weg, Lampertheim',30,'Filter',NULL),(1062,4,1,80,2,121,'2016-06-26','Sandtorfer Weg, Lampertheim',30,'Filter',NULL),(1063,4,1,35,2,121,'2016-06-26','Sandtorfer Weg, Lampertheim',30,'Filter',NULL),(1064,3,3,4,2,NULL,'2016-06-30','FW-Lampertheim',30,'',NULL),(1065,3,3,72,2,NULL,'2016-06-30','FW-Lampertheim',30,'',NULL),(1066,3,3,2,2,NULL,'2016-06-30','FW-Lampertheim',30,'',NULL),(1067,4,1,72,2,129,'2016-07-09','BASF Lampertheim',10,'',NULL),(1068,4,1,43,2,129,'2016-07-09','BASF Lampertheim',10,'',NULL),(1069,8,1,2,4,NULL,'2016-07-14','ZAKB',20,'',NULL),(1070,8,1,24,4,NULL,'2016-07-14','ZAKB',20,'',NULL),(1071,8,1,80,4,NULL,'2016-07-14','ZAKB',20,'',NULL),(1072,8,1,76,4,NULL,'2016-07-14','ZAKB',20,'',NULL),(1073,2,3,2,4,NULL,'2016-07-14','FF Hüttenfeld',20,'',NULL),(1074,2,3,24,4,NULL,'2016-07-14','FF Hüttenfeld',20,'',NULL),(1075,3,3,73,4,NULL,'2016-06-15','WF ROCHE',20,'',NULL),(1076,2,3,56,2,NULL,'2016-07-28','FW-Lampertheim',30,'',NULL),(1077,2,3,73,2,NULL,'2016-07-28','FW-Lampertheim',30,'',NULL),(1078,2,3,80,2,NULL,'2016-07-28','FW-Lampertheim',30,'',NULL),(1079,2,3,21,2,NULL,'2016-07-28','FW-Lampertheim',30,'',NULL),(1080,4,1,56,2,144,'2016-07-26','Jahnstrasse 18',10,'',NULL),(1081,4,1,4,2,144,'2016-07-26','Jahnstrasse 18',15,'',NULL),(1082,4,1,25,2,144,'2016-07-26','Jahnstrasse 18',10,'',NULL),(1083,4,1,80,2,144,'2016-07-26','Jahnstrasse 18',15,'',NULL),(1084,4,1,72,4,147,'2016-08-07','Friedhof Neuschloß',20,'',NULL),(1085,4,1,56,4,147,'2016-08-07','Friedhof Neuschloß',20,'',NULL),(1086,3,3,25,4,NULL,'2016-08-11','FF Lampertheim',20,'',NULL),(1087,3,3,34,4,NULL,'2016-08-11','FF Lampertheim',20,'',NULL),(1088,1,3,1,4,NULL,'2015-11-17','BF Mannheim',20,'',NULL),(1089,1,3,47,4,NULL,'2016-07-28','BF Mannheim',20,NULL,NULL),(1090,8,3,80,4,NULL,'2016-08-11','FF Lampertheim',25,'',NULL),(1091,8,3,76,4,NULL,'2016-08-11','FF Lampertheim',25,'',NULL),(1092,8,3,77,4,NULL,'2016-08-11','FF Lampertheim',25,'',NULL),(1093,3,3,3,4,NULL,'2016-08-25','FF Lampertheim',25,'',NULL),(1094,3,3,73,4,NULL,'2016-08-25','FF Lampertheim',25,'',NULL),(1095,8,3,24,2,NULL,'2016-09-01','FW-Lampertheim',15,'',NULL),(1096,8,3,21,2,NULL,'2016-09-01','FW-Lampertheim',15,'',NULL),(1097,2,3,4,4,NULL,'2016-09-08','FF Lampertheim',20,'',NULL),(1098,2,3,77,4,NULL,'2016-09-08','FF Lampertheim',20,'',NULL),(1099,2,3,76,4,NULL,'2016-09-08','FF Lampertheim',20,'',NULL),(1100,2,3,79,4,NULL,'2016-09-08','FF Lampertheim',20,'',NULL),(1101,1,3,24,2,NULL,'2016-09-09','FW Bürstadt',30,'',NULL),(1102,1,3,38,2,NULL,'2016-09-09','FW Bürstadt',30,'',NULL),(1103,1,3,75,2,NULL,'2016-09-09','FW Bürstadt',30,'',NULL),(1104,1,3,76,2,NULL,'2016-09-09','FW Bürstadt',30,'',NULL),(1105,3,3,76,2,NULL,'2015-10-18','Bürstadt',40,'CSA - Lehrgang',NULL),(1106,4,1,72,2,170,'2016-09-18','Industriestraße / Gartenanlage',20,'',NULL),(1107,4,1,43,2,170,'2016-09-18','Industriestraße / Gartenanlage',40,'',NULL),(1108,4,1,4,2,170,'2016-09-18','Industriestraße / Gartenanlage',40,'',NULL),(1109,4,1,21,2,170,'2016-09-18','Industriestraße / Gartenanlage',40,'',NULL),(1110,4,1,79,2,170,'2016-09-18','Industriestraße / Gartenanlage',30,'',NULL),(1111,4,1,34,2,170,'2016-09-18','Industriestraße / Gartenanlage',30,'',NULL),(1112,1,3,53,2,NULL,'2016-09-23','FW Bürstadt',30,'',NULL),(1113,1,3,60,2,NULL,'2016-09-23','FW Bürstadt',30,'',NULL),(1114,1,3,66,2,NULL,'2016-09-23','FW Bürstadt',30,'',NULL),(1115,1,3,37,2,NULL,'2016-09-23','FW Bürstadt',30,'',NULL),(1116,1,3,19,2,NULL,'2016-06-19','WF BASF',30,'',NULL),(1117,8,3,72,2,NULL,'2016-10-06','FW-Lampertheim',20,'',NULL),(1118,8,3,76,2,NULL,'2016-10-06','FW-Lampertheim',20,'',NULL),(1119,1,3,1,2,NULL,'2016-10-27','BF Mannheim',20,'',NULL),(1120,1,3,49,2,NULL,'2016-12-16','FW Bürstadt',30,'',NULL),(1121,2,3,33,5,NULL,'2016-09-22','FF Lampertheim',20,'',NULL),(1122,2,3,80,5,NULL,'2016-09-22','FF Lampertheim',20,'',NULL),(1123,2,3,73,5,NULL,'2016-09-22','FF Lampertheim',20,'',NULL),(1124,2,3,43,5,NULL,'2016-09-22','FF Lampertheim',20,'',NULL),(1125,1,3,21,2,NULL,'2017-01-20','FW Bürstadt',30,'',NULL),(1126,1,3,56,2,NULL,'2017-01-20','FW Bürstadt',30,'',NULL),(1127,1,3,43,2,NULL,'2017-01-20','FW Bürstadt',30,'',NULL),(1128,1,3,78,2,NULL,'2017-01-20','FW Bürstadt',30,'',NULL),(1129,1,1,31,2,NULL,'2016-12-22','BASF Ludwigshafen',30,'',NULL),(1130,3,3,43,2,NULL,'2017-02-02','FW-Lampertheim',20,'',NULL),(1131,3,3,75,2,NULL,'2017-02-02','FW-Lampertheim',20,'',NULL),(1132,1,3,58,4,NULL,'2017-02-06','US Feuerwehr',20,'',NULL),(1133,2,3,17,4,NULL,'2016-12-01','FF Lampertheim',20,'',NULL),(1134,4,1,56,2,28,'2017-02-12','Heide 55',30,'',NULL),(1135,4,1,43,2,28,'2017-02-12','Heide 55',30,'',NULL),(1136,4,1,53,2,28,'2017-02-12','Heide 55',30,'',NULL),(1137,4,1,73,2,28,'2017-02-12','Heide 55',30,'',NULL),(1138,4,1,80,2,28,'2017-02-12','Heide 55',20,'',NULL),(1139,4,1,34,2,28,'2017-02-12','Heide 55',30,'',NULL),(1140,4,1,82,2,28,'2017-02-12','Heide 55',30,'',NULL),(1141,4,1,78,2,28,'2017-02-12','Heide 55',30,'',NULL),(1142,4,1,14,2,28,'2017-02-12','Heide 55',30,'',NULL),(1143,4,1,3,2,28,'2017-02-12','Heide 55',30,'',NULL),(1144,3,3,4,2,NULL,'2017-02-18','FW-Lampertheim',20,'',NULL),(1145,7,3,43,2,NULL,'2017-02-18','FW-Lampertheim',20,'',NULL),(1146,7,3,80,2,NULL,'2017-02-18','FW-Lampertheim',20,'',NULL),(1147,1,3,73,4,NULL,'2017-02-23','BF Mannheim Wache Süd',15,'',NULL),(1148,2,3,72,4,NULL,'2017-02-23','FF Lampertheim',20,'',NULL),(1149,2,3,21,4,NULL,'2017-02-23','FF Lampertheim',20,'',NULL),(1150,2,3,64,2,NULL,'2016-11-07','WF Daimler Mannheim',30,'',NULL);
/*!40000 ALTER TABLE `nachweis` ENABLE KEYS */;
UNLOCK TABLES;

--
-- Table structure for table `nachweisart`
--

DROP TABLE IF EXISTS `nachweisart`;
/*!40101 SET @saved_cs_client     = @@character_set_client */;
/*!40101 SET character_set_client = utf8 */;
CREATE TABLE `nachweisart` (
  `id` int(11) NOT NULL AUTO_INCREMENT,
  `name` varchar(100) COLLATE utf8_unicode_ci NOT NULL,
  `timeValid` int(11) DEFAULT NULL,
  `requiredFor` int(11) NOT NULL,
  PRIMARY KEY (`id`)
) ENGINE=InnoDB AUTO_INCREMENT=10 DEFAULT CHARSET=utf8 COLLATE=utf8_unicode_ci;
/*!40101 SET character_set_client = @saved_cs_client */;

--
-- Dumping data for table `nachweisart`
--

LOCK TABLES `nachweisart` WRITE;
/*!40000 ALTER TABLE `nachweisart` DISABLE KEYS */;
INSERT INTO `nachweisart` VALUES (1,'Atemschutzstrecke',12,1),(2,'Notfalltraining',12,1),(3,'CSA-Übung',12,2),(4,'Einsatz',NULL,0),(5,'Einsatz-Filter',NULL,0),(6,'Einsatz-CSA',NULL,0),(7,'Unterweisung',NULL,0),(8,'Einsatzübung',NULL,0),(9,'Brandsimulationsanlage',NULL,0);
/*!40000 ALTER TABLE `nachweisart` ENABLE KEYS */;
UNLOCK TABLES;

--
-- Table structure for table `organisation`
--

DROP TABLE IF EXISTS `organisation`;
/*!40101 SET @saved_cs_client     = @@character_set_client */;
/*!40101 SET character_set_client = utf8 */;
CREATE TABLE `organisation` (
  `id` int(11) NOT NULL AUTO_INCREMENT,
  `name` varchar(100) COLLATE utf8_unicode_ci NOT NULL,
  `address1` varchar(100) COLLATE utf8_unicode_ci NOT NULL,
  `address2` varchar(100) COLLATE utf8_unicode_ci DEFAULT NULL,
  `plz` varchar(5) COLLATE utf8_unicode_ci NOT NULL,
  `ort` varchar(100) COLLATE utf8_unicode_ci NOT NULL,
  `telefon` varchar(100) COLLATE utf8_unicode_ci DEFAULT NULL,
  PRIMARY KEY (`id`)
) ENGINE=InnoDB AUTO_INCREMENT=2 DEFAULT CHARSET=utf8 COLLATE=utf8_unicode_ci;
/*!40101 SET character_set_client = @saved_cs_client */;

--
-- Dumping data for table `organisation`
--

LOCK TABLES `organisation` WRITE;
/*!40000 ALTER TABLE `organisation` DISABLE KEYS */;
INSERT INTO `organisation` VALUES (1,'Feuerwehr Lampertheim-Mitte','Florianstraße 4',NULL,'68623','Lampertheim','06206 94270');
/*!40000 ALTER TABLE `organisation` ENABLE KEYS */;
UNLOCK TABLES;

--
-- Table structure for table `user`
--

DROP TABLE IF EXISTS `user`;
/*!40101 SET @saved_cs_client     = @@character_set_client */;
/*!40101 SET character_set_client = utf8 */;
CREATE TABLE `user` (
  `id` int(11) NOT NULL AUTO_INCREMENT,
  `organisation_id` int(11) DEFAULT NULL,
  `email` varchar(100) COLLATE utf8_unicode_ci NOT NULL,
  `lastname` varchar(100) COLLATE utf8_unicode_ci NOT NULL,
  `firstname` varchar(100) COLLATE utf8_unicode_ci NOT NULL,
  `roles` longtext COLLATE utf8_unicode_ci NOT NULL COMMENT '(DC2Type:array)',
  `salt` varchar(100) COLLATE utf8_unicode_ci NOT NULL,
  `password` varchar(100) COLLATE utf8_unicode_ci NOT NULL,
  `is_active` tinyint(1) NOT NULL,
  PRIMARY KEY (`id`),
  UNIQUE KEY `UNIQ_8D93D649E7927C74` (`email`),
  KEY `IDX_8D93D6499E6B1585` (`organisation_id`),
  CONSTRAINT `FK_8D93D6499E6B1585` FOREIGN KEY (`organisation_id`) REFERENCES `organisation` (`id`)
) ENGINE=InnoDB AUTO_INCREMENT=12 DEFAULT CHARSET=utf8 COLLATE=utf8_unicode_ci;
/*!40101 SET character_set_client = @saved_cs_client */;

--
-- Dumping data for table `user`
--

LOCK TABLES `user` WRITE;
/*!40000 ALTER TABLE `user` DISABLE KEYS */;
INSERT INTO `user` VALUES (1,1,'benjamin.ihrig@gmail.com','Ihrig','Benjamin','a:7:{i:0;s:9:\"ROLE_USER\";i:1;s:17:\"ROLE_CORE_MANAGER\";i:2;s:15:\"ROLE_CORE_ADMIN\";i:3;s:16:\"ROLE_CORE_SADMIN\";i:4;s:20:\"ROLE_NACHWEIS_VIEWER\";i:5;s:21:\"ROLE_NACHWEIS_MANAGER\";i:6;s:19:\"ROLE_NACHWEIS_ADMIN\";}','0bd689f0999fb2c8a2891447c75c4891','iwfV0eYFzeucIwH2PtRv8joeWQojAQ6andpv94GDw32cvE4YJc6SqLqDQrm4fvYh/t72konxf9hppQtpoHLluw==',1),(2,1,'uwe.k.koch@daimler.com','Koch','Uwe','a:6:{i:0;s:9:\"ROLE_USER\";i:1;s:17:\"ROLE_CORE_MANAGER\";i:2;s:15:\"ROLE_CORE_ADMIN\";i:3;s:20:\"ROLE_NACHWEIS_VIEWER\";i:4;s:21:\"ROLE_NACHWEIS_MANAGER\";i:5;s:19:\"ROLE_NACHWEIS_ADMIN\";}','bcc33dccee4ad2de45bc0abc841fb9bb','tuIgJVZG3+AKnBg/hDTZj6s7PWKAHLReulvgaoXPv+cY/xeedcVRlRdlgSnCRKyiqtFj+hWQHkdb2UqSwsKtyw==',1),(4,1,'markus.goebel@daimler.com','Göbel','Markus','a:4:{i:0;s:9:\"ROLE_USER\";i:1;s:17:\"ROLE_CORE_MANAGER\";i:2;s:20:\"ROLE_NACHWEIS_VIEWER\";i:3;s:21:\"ROLE_NACHWEIS_MANAGER\";}','c5e1f3cd4898e3c4480a23e075401d2f','TOZptN+GJn7zzbYty6Yl3DlBAec46xkf7TyOxtRs12DWjGSSvLy84/wwf5E5SFPM5LfgXP8w/51jaWXoHtPpwg==',1),(5,1,'reinhold.karb@daimler.com','Karb','Reinhold','a:4:{i:0;s:9:\"ROLE_USER\";i:1;s:17:\"ROLE_CORE_MANAGER\";i:2;s:20:\"ROLE_NACHWEIS_VIEWER\";i:3;s:21:\"ROLE_NACHWEIS_MANAGER\";}','9530e4bd49b4d84fea13dad0db032208','m2uqhnWOQi3vy96Sw5Gw6KNw7ILwj6+zLmQTr687HgH7bCu+dfll1JkjbqYwvxbUlTHM+qYi3yVSaf1WtUD3aw==',1),(6,1,'support@feuerwehr-lampertheim.de','Support','Feuerwehr Lampertheim','a:3:{i:0;s:9:\"ROLE_USER\";i:1;s:17:\"ROLE_CORE_MANAGER\";i:2;s:15:\"ROLE_CORE_ADMIN\";}','403699eb5cc91ba2b1c2a32d098e2f90','BdQNCSJNBMHYTiT4jhTRNBMNOxotJdFXFOKw2RVF2/vB5rTziT0Fb7GQLrZUL427mQIBZIcVwIS9jqmOXSBEbQ==',1),(7,1,'stephanmai@unitybox.de','Mai','Stephan','a:1:{i:0;s:9:\"ROLE_USER\";}','bfc9554b44d1ee0d7ec19af8537ff3c1','LEoZv5AvU1/PBh/dAl4cmVJgbs+uUEJGCMV2bfVizQ9Hx2DXC1GaRXX9Tf95WesRpeycRVnbNcW46Gbr/3CVlQ==',1),(8,1,'tim.baumbusch@feuerwehr-lampertheim.de','Baumbusch','Tim','a:4:{i:0;s:9:\"ROLE_USER\";i:1;s:17:\"ROLE_CORE_MANAGER\";i:2;s:20:\"ROLE_NACHWEIS_VIEWER\";i:3;s:21:\"ROLE_NACHWEIS_MANAGER\";}','391bb0b26dbb580500c8f7529b5b7fb8','CLZtRdW6wU78CopGj2PGHLnmJ4CKbR0+esN6JUFq3OWvK7/X8MFH30jSo4BHR7Sx7DbKcMrSQKhik5h7weM/JQ==',1),(9,1,'fabio.korb@feuerwehr-lampertheim.de','Korb','Fabio','a:1:{i:0;s:9:\"ROLE_USER\";}','03ffd7c2351e413e8df0b953899510ca','HhF6RCOnupB1tPdF0leeOIrAzmbQECkyPnWwWcqa62WXeD7ncqlx3HSiV+73vi0Z+xGRR8qdV4XYr01IFHZ37A==',1),(11,1,'nicholas.brandenburger@web.de','Brandenburger','Nicholas','a:1:{i:0;s:9:\"ROLE_USER\";}','b1f17a910b621c7240ba8a72d518922d','xfxYYKmFgnvatKChJ71WW7wDmoZbQG7+NbLb2Cuf0fuDOsGpKxgXIOLEAUuQwxRfipmy4d+Zij2ySffA/QNj5A==',0);
/*!40000 ALTER TABLE `user` ENABLE KEYS */;
UNLOCK TABLES;
/*!40103 SET TIME_ZONE=@OLD_TIME_ZONE */;

/*!40101 SET SQL_MODE=@OLD_SQL_MODE */;
/*!40014 SET FOREIGN_KEY_CHECKS=@OLD_FOREIGN_KEY_CHECKS */;
/*!40014 SET UNIQUE_CHECKS=@OLD_UNIQUE_CHECKS */;
/*!40101 SET CHARACTER_SET_CLIENT=@OLD_CHARACTER_SET_CLIENT */;
/*!40101 SET CHARACTER_SET_RESULTS=@OLD_CHARACTER_SET_RESULTS */;
/*!40101 SET COLLATION_CONNECTION=@OLD_COLLATION_CONNECTION */;
/*!40111 SET SQL_NOTES=@OLD_SQL_NOTES */;

-- Dump completed on 2017-03-17 23:14:23
